<Anims>
 <anim name="burnt" root="deep_freezer" numframes="400" framerate="40">
  <frame idx="0" w="269" h="415" x="-2.730850" y="-101.630371">
   <element name="symbol_ffd2e5b1" layername="base" frame="1" z_index="19" m_a="1.000000" m_b="0.000000" m_c="0.000000" m_d="1.000000" m_tx="-9.500000" m_ty="-119.199997"/>
   <element name="symbol_60b88a40" layername="shadow" frame="0" z_index="20" m_a="0.999816" m_b="0.013524" m_c="-0.018487" m_d="1.366735" m_tx="-4.550000" m_ty="8.300000"/>
  </frame>
  <frame idx="25" w="269" h="415" x="-2.730850" y="-101.630371">
   <element name="symbol_ffd2e5b1" layername="base" frame="1" z_index="19" m_a="1.000000" m_b="0.000000" m_c="0.000000" m_d="1.000000" m_tx="-9.500000" m_ty="-119.199997"/>
   <element name="symbol_60b88a40" layername="shadow" frame="0" z_index="20" m_a="0.999816" m_b="0.013524" m_c="-0.018487" m_d="1.366735" m_tx="-4.550000" m_ty="8.300000"/>
  </frame>
  <frame idx="50" w="269" h="415" x="-2.730850" y="-101.630371">
   <element name="symbol_ffd2e5b1" layername="base" frame="1" z_index="19" m_a="1.000000" m_b="0.000000" m_c="0.000000" m_d="1.000000" m_tx="-9.500000" m_ty="-119.199997"/>
   <element name="symbol_60b88a40" layername="shadow" frame="0" z_index="20" m_a="0.999816" m_b="0.013524" m_c="-0.018487" m_d="1.366735" m_tx="-4.550000" m_ty="8.300000"/>
  </frame>
  <frame idx="75" w="269" h="415" x="-2.730850" y="-101.630371">
   <element name="symbol_ffd2e5b1" layername="base" frame="1" z_index="19" m_a="1.000000" m_b="0.000000" m_c="0.000000" m_d="1.000000" m_tx="-9.500000" m_ty="-119.199997"/>
   <element name="symbol_60b88a40" layername="shadow" frame="0" z_index="20" m_a="0.999816" m_b="0.013524" m_c="-0.018487" m_d="1.366735" m_tx="-4.550000" m_ty="8.300000"/>
  </frame>
  <frame idx="100" w="269" h="415" x="-2.730850" y="-101.630371">
   <element name="symbol_ffd2e5b1" layername="base" frame="1" z_index="19" m_a="1.000000" m_b="0.000000" m_c="0.000000" m_d="1.000000" m_tx="-9.500000" m_ty="-119.199997"/>
   <element name="symbol_60b88a40" layername="shadow" frame="0" z_index="20" m_a="0.999816" m_b="0.013524" m_c="-0.018487" m_d="1.366735" m_tx="-4.550000" m_ty="8.300000"/>
  </frame>
  <frame idx="125" w="269" h="415" x="-2.730850" y="-101.630371">
   <element name="symbol_ffd2e5b1" layername="base" frame="1" z_index="19" m_a="1.000000" m_b="0.000000" m_c="0.000000" m_d="1.000000" m_tx="-9.500000" m_ty="-119.199997"/>
   <element name="symbol_60b88a40" layername="shadow" frame="0" z_index="20" m_a="0.999816" m_b="0.013524" m_c="-0.018487" m_d="1.366735" m_tx="-4.550000" m_ty="8.300000"/>
  </frame>
  <frame idx="150" w="269" h="415" x="-2.730850" y="-101.630371">
   <element name="symbol_ffd2e5b1" layername="base" frame="1" z_index="19" m_a="1.000000" m_b="0.000000" m_c="0.000000" m_d="1.000000" m_tx="-9.500000" m_ty="-119.199997"/>
   <element name="symbol_60b88a40" layername="shadow" frame="0" z_index="20" m_a="0.999816" m_b="0.013524" m_c="-0.018487" m_d="1.366735" m_tx="-4.550000" m_ty="8.300000"/>
  </frame>
  <frame idx="175" w="269" h="415" x="-2.730850" y="-101.630371">
   <element name="symbol_ffd2e5b1" layername="base" frame="1" z_index="19" m_a="1.000000" m_b="0.000000" m_c="0.000000" m_d="1.000000" m_tx="-9.500000" m_ty="-119.199997"/>
   <element name="symbol_60b88a40" layername="shadow" frame="0" z_index="20" m_a="0.999816" m_b="0.013524" m_c="-0.018487" m_d="1.366735" m_tx="-4.550000" m_ty="8.300000"/>
  </frame>
  <frame idx="200" w="269" h="415" x="-2.730850" y="-101.630371">
   <element name="symbol_ffd2e5b1" layername="base" frame="1" z_index="19" m_a="1.000000" m_b="0.000000" m_c="0.000000" m_d="1.000000" m_tx="-9.500000" m_ty="-119.199997"/>
   <element name="symbol_60b88a40" layername="shadow" frame="0" z_index="20" m_a="0.999816" m_b="0.013524" m_c="-0.018487" m_d="1.366735" m_tx="-4.550000" m_ty="8.300000"/>
  </frame>
  <frame idx="225" w="269" h="415" x="-2.730850" y="-101.630371">
   <element name="symbol_ffd2e5b1" layername="base" frame="1" z_index="19" m_a="1.000000" m_b="0.000000" m_c="0.000000" m_d="1.000000" m_tx="-9.500000" m_ty="-119.199997"/>
   <element name="symbol_60b88a40" layername="shadow" frame="0" z_index="20" m_a="0.999816" m_b="0.013524" m_c="-0.018487" m_d="1.366735" m_tx="-4.550000" m_ty="8.300000"/>
  </frame>
  <frame idx="250" w="269" h="415" x="-2.730850" y="-101.630371">
   <element name="symbol_ffd2e5b1" layername="base" frame="1" z_index="19" m_a="1.000000" m_b="0.000000" m_c="0.000000" m_d="1.000000" m_tx="-9.500000" m_ty="-119.199997"/>
   <element name="symbol_60b88a40" layername="shadow" frame="0" z_index="20" m_a="0.999816" m_b="0.013524" m_c="-0.018487" m_d="1.366735" m_tx="-4.550000" m_ty="8.300000"/>
  </frame>
  <frame idx="275" w="269" h="415" x="-2.730850" y="-101.630371">
   <element name="symbol_ffd2e5b1" layername="base" frame="1" z_index="19" m_a="1.000000" m_b="0.000000" m_c="0.000000" m_d="1.000000" m_tx="-9.500000" m_ty="-119.199997"/>
   <element name="symbol_60b88a40" layername="shadow" frame="0" z_index="20" m_a="0.999816" m_b="0.013524" m_c="-0.018487" m_d="1.366735" m_tx="-4.550000" m_ty="8.300000"/>
  </frame>
  <frame idx="300" w="269" h="415" x="-2.730850" y="-101.630371">
   <element name="symbol_ffd2e5b1" layername="base" frame="1" z_index="19" m_a="1.000000" m_b="0.000000" m_c="0.000000" m_d="1.000000" m_tx="-9.500000" m_ty="-119.199997"/>
   <element name="symbol_60b88a40" layername="shadow" frame="0" z_index="20" m_a="0.999816" m_b="0.013524" m_c="-0.018487" m_d="1.366735" m_tx="-4.550000" m_ty="8.300000"/>
  </frame>
  <frame idx="325" w="269" h="415" x="-2.730850" y="-101.630371">
   <element name="symbol_ffd2e5b1" layername="base" frame="1" z_index="19" m_a="1.000000" m_b="0.000000" m_c="0.000000" m_d="1.000000" m_tx="-9.500000" m_ty="-119.199997"/>
   <element name="symbol_60b88a40" layername="shadow" frame="0" z_index="20" m_a="0.999816" m_b="0.013524" m_c="-0.018487" m_d="1.366735" m_tx="-4.550000" m_ty="8.300000"/>
  </frame>
  <frame idx="350" w="269" h="415" x="-2.730850" y="-101.630371">
   <element name="symbol_ffd2e5b1" layername="base" frame="1" z_index="19" m_a="1.000000" m_b="0.000000" m_c="0.000000" m_d="1.000000" m_tx="-9.500000" m_ty="-119.199997"/>
   <element name="symbol_60b88a40" layername="shadow" frame="0" z_index="20" m_a="0.999816" m_b="0.013524" m_c="-0.018487" m_d="1.366735" m_tx="-4.550000" m_ty="8.300000"/>
  </frame>
  <frame idx="375" w="269" h="415" x="-2.730850" y="-101.630371">
   <element name="symbol_ffd2e5b1" layername="base" frame="1" z_index="19" m_a="1.000000" m_b="0.000000" m_c="0.000000" m_d="1.000000" m_tx="-9.500000" m_ty="-119.199997"/>
   <element name="symbol_60b88a40" layername="shadow" frame="0" z_index="20" m_a="0.999816" m_b="0.013524" m_c="-0.018487" m_d="1.366735" m_tx="-4.550000" m_ty="8.300000"/>
  </frame>
 </anim>
 <anim name="close" root="deep_freezer" numframes="350" framerate="40">
  <frame idx="0" w="269" h="435" x="-2.730850" y="-107.344360">
   <element name="symbol_63c15f4e" layername="door" frame="1" z_index="18" m_a="0.730891" m_b="0.048917" m_c="-0.066587" m_d="0.994905" m_tx="-72.985397" m_ty="-111.530998"/>
   <element name="symbol_ffd2e5b1" layername="base" frame="0" z_index="19" m_a="1.004700" m_b="0.000000" m_c="0.000000" m_d="0.997173" m_tx="-9.474630" m_ty="-118.803001"/>
   <element name="symbol_60b88a40" layername="shadow" frame="0" z_index="20" m_a="0.999816" m_b="0.013524" m_c="-0.018487" m_d="1.366735" m_tx="-4.550000" m_ty="8.300000"/>
  </frame>
  <frame idx="25" w="269" h="433" x="-2.730850" y="-106.907227">
   <element name="symbol_63c15f4e" layername="door" frame="1" z_index="18" m_a="0.753208" m_b="0.047576" m_c="-0.062467" m_d="0.988948" m_tx="-73.723267" m_ty="-110.718498"/>
   <element name="symbol_ffd2e5b1" layername="base" frame="0" z_index="19" m_a="1.015024" m_b="0.000000" m_c="0.000000" m_d="0.990956" m_tx="-9.418829" m_ty="-117.928734"/>
   <element name="symbol_60b88a40" layername="shadow" frame="0" z_index="20" m_a="0.999816" m_b="0.013524" m_c="-0.018487" m_d="1.366735" m_tx="-4.550000" m_ty="8.300000"/>
  </frame>
  <frame idx="50" w="269" h="431" x="-2.730850" y="-106.241730">
   <element name="symbol_63c15f4e" layername="door" frame="1" z_index="18" m_a="0.787184" m_b="0.045220" m_c="-0.056288" m_d="0.979846" m_tx="-74.846550" m_ty="-109.482002"/>
   <element name="symbol_ffd2e5b1" layername="base" frame="0" z_index="19" m_a="1.030745" m_b="0.000000" m_c="0.000000" m_d="0.981490" m_tx="-9.333877" m_ty="-116.597755"/>
   <element name="symbol_60b88a40" layername="shadow" frame="0" z_index="20" m_a="0.999816" m_b="0.013524" m_c="-0.018487" m_d="1.366735" m_tx="-4.550000" m_ty="8.300000"/>
  </frame>
  <frame idx="75" w="269" h="427" x="-2.730850" y="-105.293610">
   <element name="symbol_63c15f4e" layername="door" frame="1" z_index="18" m_a="0.835583" m_b="0.041197" m_c="-0.047667" m_d="0.966814" m_tx="-76.446815" m_ty="-107.720451"/>
   <element name="symbol_ffd2e5b1" layername="base" frame="0" z_index="19" m_a="1.053144" m_b="0.000000" m_c="0.000000" m_d="0.968005" m_tx="-9.212849" m_ty="-114.701515"/>
   <element name="symbol_60b88a40" layername="shadow" frame="0" z_index="20" m_a="0.999816" m_b="0.013524" m_c="-0.018487" m_d="1.366735" m_tx="-4.550000" m_ty="8.300000"/>
  </frame>
  <frame idx="100" w="272" h="424" x="0.318573" y="-104.017853">
   <element name="symbol_63c15f4e" layername="door" frame="1" z_index="18" m_a="0.900676" m_b="0.034537" m_c="-0.036396" m_d="0.949162" m_tx="-78.599998" m_ty="-105.349998"/>
   <element name="symbol_ffd2e5b1" layername="base" frame="0" z_index="19" m_a="1.083280" m_b="0.000000" m_c="0.000000" m_d="0.949860" m_tx="-9.050000" m_ty="-112.150002"/>
   <element name="symbol_60b88a40" layername="shadow" frame="0" z_index="20" m_a="0.999816" m_b="0.013524" m_c="-0.018487" m_d="1.366735" m_tx="-4.550000" m_ty="8.300000"/>
  </frame>
  <frame idx="125" w="284" h="411" x="11.774460" y="-100.322998">
   <element name="symbol_63c15f4e" layername="door" frame="1" z_index="18" m_a="1.073448" m_b="0.025525" m_c="-0.021280" m_d="0.894922" m_tx="-82.623589" m_ty="-98.577522"/>
   <element name="symbol_ffd2e5b1" layername="base" frame="0" z_index="19" m_a="1.172434" m_b="0.000000" m_c="0.000000" m_d="0.895175" m_tx="-6.108824" m_ty="-104.760292"/>
   <element name="symbol_60b88a40" layername="shadow" frame="0" z_index="20" m_a="0.999816" m_b="0.013524" m_c="-0.018487" m_d="1.366735" m_tx="-4.550000" m_ty="8.300000"/>
  </frame>
  <frame idx="150" w="285" h="411" x="12.513962" y="-100.307526">
   <element name="symbol_63c15f4e" layername="door" frame="0" z_index="18" m_a="1.114916" m_b="0.018412" m_c="-0.014777" m_d="0.894797" m_tx="-83.160889" m_ty="-98.538254"/>
   <element name="symbol_ffd2e5b1" layername="base" frame="0" z_index="19" m_a="1.176283" m_b="0.000000" m_c="0.000000" m_d="0.894919" m_tx="-5.491852" m_ty="-104.729332"/>
   <element name="symbol_60b88a40" layername="shadow" frame="0" z_index="20" m_a="0.999816" m_b="0.013524" m_c="-0.018487" m_d="1.366735" m_tx="-4.550000" m_ty="8.300000"/>
  </frame>
  <frame idx="175" w="275" h="423" x="3.089386" y="-103.968231">
   <element name="symbol_63c15f4e" layername="door" frame="0" z_index="18" m_a="1.057224" m_b="0.011505" m_c="-0.010327" m_d="0.948969" m_tx="-80.639618" m_ty="-105.400414"/>
   <element name="symbol_ffd2e5b1" layername="base" frame="0" z_index="19" m_a="1.097627" m_b="0.000000" m_c="0.000000" m_d="0.949025" m_tx="-6.722215" m_ty="-112.050758"/>
   <element name="symbol_60b88a40" layername="shadow" frame="0" z_index="20" m_a="0.999816" m_b="0.013524" m_c="-0.018487" m_d="1.366735" m_tx="-4.550000" m_ty="8.300000"/>
  </frame>
  <frame idx="200" w="269" h="447" x="-2.730850" y="-111.042862">
   <element name="symbol_63c15f4e" layername="door" frame="0" z_index="18" m_a="0.945619" m_b="0.000000" m_c="0.000000" m_d="1.053590" m_tx="-75.766098" m_ty="-118.681641"/>
   <element name="symbol_ffd2e5b1" layername="base" frame="0" z_index="19" m_a="0.945619" m_b="0.000000" m_c="0.000000" m_d="1.053590" m_tx="-9.100010" m_ty="-126.199997"/>
   <element name="symbol_60b88a40" layername="shadow" frame="0" z_index="20" m_a="0.999816" m_b="0.013524" m_c="-0.018487" m_d="1.366735" m_tx="-4.550000" m_ty="8.300000"/>
  </frame>
  <frame idx="225" w="269" h="443" x="-2.730850" y="-109.813446">
   <element name="symbol_63c15f4e" layername="door" frame="0" z_index="18" m_a="0.964719" m_b="0.000000" m_c="0.000000" m_d="1.034766" m_tx="-77.261826" m_ty="-116.360909"/>
   <element name="symbol_ffd2e5b1" layername="base" frame="0" z_index="19" m_a="0.964719" m_b="0.000000" m_c="0.000000" m_d="1.034766" m_tx="-9.240496" m_ty="-123.741180"/>
   <element name="symbol_60b88a40" layername="shadow" frame="0" z_index="20" m_a="0.999816" m_b="0.013524" m_c="-0.018487" m_d="1.366735" m_tx="-4.550000" m_ty="8.300000"/>
  </frame>
  <frame idx="250" w="269" h="439" x="-2.730850" y="-108.866379">
   <element name="symbol_63c15f4e" layername="door" frame="0" z_index="18" m_a="0.979434" m_b="0.000000" m_c="0.000000" m_d="1.020266" m_tx="-78.414169" m_ty="-114.573204"/>
   <element name="symbol_ffd2e5b1" layername="base" frame="0" z_index="19" m_a="0.979434" m_b="0.000000" m_c="0.000000" m_d="1.020266" m_tx="-9.348728" m_ty="-121.847031"/>
   <element name="symbol_60b88a40" layername="shadow" frame="0" z_index="20" m_a="0.999816" m_b="0.013524" m_c="-0.018487" m_d="1.366735" m_tx="-4.550000" m_ty="8.300000"/>
  </frame>
  <frame idx="275" w="269" h="437" x="-2.730850" y="-108.187332">
   <element name="symbol_63c15f4e" layername="door" frame="0" z_index="18" m_a="0.989986" m_b="0.000000" m_c="0.000000" m_d="1.009869" m_tx="-79.240532" m_ty="-113.291351"/>
   <element name="symbol_ffd2e5b1" layername="base" frame="0" z_index="19" m_a="0.989986" m_b="0.000000" m_c="0.000000" m_d="1.009869" m_tx="-9.426344" m_ty="-120.488937"/>
   <element name="symbol_60b88a40" layername="shadow" frame="0" z_index="20" m_a="0.999816" m_b="0.013524" m_c="-0.018487" m_d="1.366735" m_tx="-4.550000" m_ty="8.300000"/>
  </frame>
  <frame idx="300" w="269" h="436" x="-2.730850" y="-107.740356">
   <element name="symbol_63c15f4e" layername="door" frame="0" z_index="18" m_a="0.996934" m_b="0.000000" m_c="0.000000" m_d="1.003020" m_tx="-79.784637" m_ty="-112.447319"/>
   <element name="symbol_ffd2e5b1" layername="base" frame="0" z_index="19" m_a="0.996934" m_b="0.000000" m_c="0.000000" m_d="1.003020" m_tx="-9.477450" m_ty="-119.595001"/>
   <element name="symbol_60b88a40" layername="shadow" frame="0" z_index="20" m_a="0.999816" m_b="0.013524" m_c="-0.018487" m_d="1.366735" m_tx="-4.550000" m_ty="8.300000"/>
  </frame>
  <frame idx="325" w="269" h="435" x="-2.730850" y="-107.595139">
   <element name="symbol_63c15f4e" layername="door" frame="0" z_index="18" m_a="0.999188" m_b="0.000000" m_c="0.000000" m_d="1.000799" m_tx="-79.961182" m_ty="-112.173515"/>
   <element name="symbol_ffd2e5b1" layername="base" frame="0" z_index="19" m_a="0.999188" m_b="0.000000" m_c="0.000000" m_d="1.000799" m_tx="-9.494031" m_ty="-119.304558"/>
   <element name="symbol_60b88a40" layername="shadow" frame="0" z_index="20" m_a="0.999816" m_b="0.013524" m_c="-0.018487" m_d="1.366735" m_tx="-4.550000" m_ty="8.300000"/>
  </frame>
 </anim>
 <anim name="closed" root="deep_freezer" numframes="125" framerate="40">
  <frame idx="0" w="269" h="435" x="-2.730850" y="-107.542862">
   <element name="symbol_63c15f4e" layername="door" frame="0" z_index="18" m_a="1.000000" m_b="0.000000" m_c="0.000000" m_d="1.000000" m_tx="-69.750000" m_ty="-111.949997"/>
   <element name="symbol_ffd2e5b1" layername="base" frame="0" z_index="19" m_a="1.000000" m_b="0.000000" m_c="0.000000" m_d="1.000000" m_tx="-9.500000" m_ty="-119.199997"/>
   <element name="symbol_60b88a40" layername="shadow" frame="0" z_index="20" m_a="0.999816" m_b="0.013524" m_c="-0.018487" m_d="1.366735" m_tx="-4.550000" m_ty="8.300000"/>
  </frame>
  <frame idx="25" w="269" h="435" x="-2.730850" y="-107.542862">
   <element name="symbol_63c15f4e" layername="door" frame="0" z_index="18" m_a="1.000000" m_b="0.000000" m_c="0.000000" m_d="1.000000" m_tx="-69.750000" m_ty="-111.949997"/>
   <element name="symbol_ffd2e5b1" layername="base" frame="0" z_index="19" m_a="1.000000" m_b="0.000000" m_c="0.000000" m_d="1.000000" m_tx="-9.500000" m_ty="-119.199997"/>
   <element name="symbol_60b88a40" layername="shadow" frame="0" z_index="20" m_a="0.999816" m_b="0.013524" m_c="-0.018487" m_d="1.366735" m_tx="-4.550000" m_ty="8.300000"/>
  </frame>
  <frame idx="50" w="269" h="435" x="-2.730850" y="-107.542862">
   <element name="symbol_63c15f4e" layername="door" frame="0" z_index="18" m_a="1.000000" m_b="0.000000" m_c="0.000000" m_d="1.000000" m_tx="-69.750000" m_ty="-111.949997"/>
   <element name="symbol_ffd2e5b1" layername="base" frame="0" z_index="19" m_a="1.000000" m_b="0.000000" m_c="0.000000" m_d="1.000000" m_tx="-9.500000" m_ty="-119.199997"/>
   <element name="symbol_60b88a40" layername="shadow" frame="0" z_index="20" m_a="0.999816" m_b="0.013524" m_c="-0.018487" m_d="1.366735" m_tx="-4.550000" m_ty="8.300000"/>
  </frame>
  <frame idx="75" w="269" h="435" x="-2.730850" y="-107.542862">
   <element name="symbol_63c15f4e" layername="door" frame="0" z_index="18" m_a="1.000000" m_b="0.000000" m_c="0.000000" m_d="1.000000" m_tx="-69.750000" m_ty="-111.949997"/>
   <element name="symbol_ffd2e5b1" layername="base" frame="0" z_index="19" m_a="1.000000" m_b="0.000000" m_c="0.000000" m_d="1.000000" m_tx="-9.500000" m_ty="-119.199997"/>
   <element name="symbol_60b88a40" layername="shadow" frame="0" z_index="20" m_a="0.999816" m_b="0.013524" m_c="-0.018487" m_d="1.366735" m_tx="-4.550000" m_ty="8.300000"/>
  </frame>
  <frame idx="100" w="269" h="435" x="-2.730850" y="-107.542862">
   <element name="symbol_63c15f4e" layername="door" frame="0" z_index="18" m_a="1.000000" m_b="0.000000" m_c="0.000000" m_d="1.000000" m_tx="-69.750000" m_ty="-111.949997"/>
   <element name="symbol_ffd2e5b1" layername="base" frame="0" z_index="19" m_a="1.000000" m_b="0.000000" m_c="0.000000" m_d="1.000000" m_tx="-9.500000" m_ty="-119.199997"/>
   <element name="symbol_60b88a40" layername="shadow" frame="0" z_index="20" m_a="0.999816" m_b="0.013524" m_c="-0.018487" m_d="1.366735" m_tx="-4.550000" m_ty="8.300000"/>
  </frame>
 </anim>
 <anim name="hit" root="deep_freezer" numframes="350" framerate="40">
  <frame idx="0" w="272" h="443" x="-3.796928" y="-109.902191">
   <element name="symbol_63c15f4e" layername="door" frame="0" z_index="18" m_a="0.999778" m_b="-0.021065" m_c="0.021084" m_d="1.000668" m_tx="-75.049896" m_ty="-111.949997"/>
   <element name="symbol_ffd2e5b1" layername="base" frame="0" z_index="19" m_a="0.999778" m_b="-0.021065" m_c="0.021084" m_d="1.000668" m_tx="-15.099900" m_ty="-119.199997"/>
   <element name="symbol_60b88a40" layername="shadow" frame="0" z_index="20" m_a="0.999816" m_b="0.013524" m_c="-0.018487" m_d="1.366735" m_tx="-4.550000" m_ty="8.300000"/>
  </frame>
  <frame idx="25" w="269" h="437" x="-2.730850" y="-108.324875">
   <element name="symbol_63c15f4e" layername="door" frame="0" z_index="18" m_a="0.999976" m_b="-0.006982" m_c="0.006988" m_d="1.000755" m_tx="-71.502174" m_ty="-111.949997"/>
   <element name="symbol_ffd2e5b1" layername="base" frame="0" z_index="19" m_a="0.999976" m_b="-0.006982" m_c="0.006988" m_d="1.000755" m_tx="-11.349930" m_ty="-119.199997"/>
   <element name="symbol_60b88a40" layername="shadow" frame="0" z_index="20" m_a="0.999816" m_b="0.013524" m_c="-0.018487" m_d="1.366735" m_tx="-4.550000" m_ty="8.300000"/>
  </frame>
  <frame idx="50" w="269" h="435" x="-2.730850" y="-107.542862">
   <element name="symbol_63c15f4e" layername="door" frame="0" z_index="18" m_a="0.999973" m_b="0.007376" m_c="-0.007381" m_d="1.000640" m_tx="-67.885651" m_ty="-111.949997"/>
   <element name="symbol_ffd2e5b1" layername="base" frame="0" z_index="19" m_a="0.999973" m_b="0.007376" m_c="-0.007381" m_d="1.000640" m_tx="-7.527314" m_ty="-119.199997"/>
   <element name="symbol_60b88a40" layername="shadow" frame="0" z_index="20" m_a="0.999816" m_b="0.013524" m_c="-0.018487" m_d="1.366735" m_tx="-4.550000" m_ty="8.300000"/>
  </frame>
  <frame idx="75" w="269" h="435" x="-2.730850" y="-107.542862">
   <element name="symbol_63c15f4e" layername="door" frame="0" z_index="18" m_a="0.999935" m_b="0.011441" m_c="-0.011449" m_d="1.000682" m_tx="-66.860710" m_ty="-111.949997"/>
   <element name="symbol_ffd2e5b1" layername="base" frame="0" z_index="19" m_a="0.999935" m_b="0.011441" m_c="-0.011449" m_d="1.000682" m_tx="-6.445592" m_ty="-119.199997"/>
   <element name="symbol_60b88a40" layername="shadow" frame="0" z_index="20" m_a="0.999816" m_b="0.013524" m_c="-0.018487" m_d="1.366735" m_tx="-4.550000" m_ty="8.300000"/>
  </frame>
  <frame idx="100" w="269" h="437" x="-2.730850" y="-108.292221">
   <element name="symbol_63c15f4e" layername="door" frame="0" z_index="18" m_a="0.999978" m_b="-0.006691" m_c="0.006699" m_d="1.001218" m_tx="-71.425102" m_ty="-111.949997"/>
   <element name="symbol_ffd2e5b1" layername="base" frame="0" z_index="19" m_a="0.999978" m_b="-0.006691" m_c="0.006699" m_d="1.001218" m_tx="-11.275100" m_ty="-119.199997"/>
   <element name="symbol_60b88a40" layername="shadow" frame="0" z_index="20" m_a="0.999816" m_b="0.013524" m_c="-0.018487" m_d="1.366735" m_tx="-4.550000" m_ty="8.300000"/>
  </frame>
  <frame idx="125" w="273" h="444" x="-4.228210" y="-110.262909">
   <element name="symbol_63c15f4e" layername="door" frame="0" z_index="18" m_a="0.999705" m_b="-0.024286" m_c="0.024328" m_d="1.001415" m_tx="-75.855103" m_ty="-111.949997"/>
   <element name="symbol_ffd2e5b1" layername="base" frame="0" z_index="19" m_a="0.999705" m_b="-0.024286" m_c="0.024328" m_d="1.001415" m_tx="-15.962453" m_ty="-119.199997"/>
   <element name="symbol_60b88a40" layername="shadow" frame="0" z_index="20" m_a="0.999816" m_b="0.013524" m_c="-0.018487" m_d="1.366735" m_tx="-4.550000" m_ty="8.300000"/>
  </frame>
  <frame idx="150" w="274" h="445" x="-4.394691" y="-110.402374">
   <element name="symbol_63c15f4e" layername="door" frame="0" z_index="18" m_a="0.999674" m_b="-0.025531" m_c="0.025572" m_d="1.001243" m_tx="-76.170189" m_ty="-111.949997"/>
   <element name="symbol_ffd2e5b1" layername="base" frame="0" z_index="19" m_a="0.999674" m_b="-0.025531" m_c="0.025572" m_d="1.001243" m_tx="-16.295427" m_ty="-119.199997"/>
   <element name="symbol_60b88a40" layername="shadow" frame="0" z_index="20" m_a="0.999816" m_b="0.013524" m_c="-0.018487" m_d="1.366735" m_tx="-4.550000" m_ty="8.300000"/>
  </frame>
  <frame idx="175" w="271" h="442" x="-3.427734" y="-109.588699">
   <element name="symbol_63c15f4e" layername="door" frame="0" z_index="18" m_a="0.999833" m_b="-0.018266" m_c="0.018287" m_d="1.000957" m_tx="-74.343056" m_ty="-111.949997"/>
   <element name="symbol_ffd2e5b1" layername="base" frame="0" z_index="19" m_a="0.999833" m_b="-0.018266" m_c="0.018287" m_d="1.000957" m_tx="-14.361512" m_ty="-119.199997"/>
   <element name="symbol_60b88a40" layername="shadow" frame="0" z_index="20" m_a="0.999816" m_b="0.013524" m_c="-0.018487" m_d="1.366735" m_tx="-4.550000" m_ty="8.300000"/>
  </frame>
  <frame idx="200" w="269" h="439" x="-2.730850" y="-108.938080">
   <element name="symbol_63c15f4e" layername="door" frame="0" z_index="18" m_a="0.999922" m_b="-0.012457" m_c="0.012467" m_d="1.000682" m_tx="-72.882301" m_ty="-111.949997"/>
   <element name="symbol_ffd2e5b1" layername="base" frame="0" z_index="19" m_a="0.999922" m_b="-0.012457" m_c="0.012467" m_d="1.000682" m_tx="-12.815300" m_ty="-119.199997"/>
   <element name="symbol_60b88a40" layername="shadow" frame="0" z_index="20" m_a="0.999816" m_b="0.013524" m_c="-0.018487" m_d="1.366735" m_tx="-4.550000" m_ty="8.300000"/>
  </frame>
  <frame idx="225" w="269" h="438" x="-2.730850" y="-108.479675">
   <element name="symbol_63c15f4e" layername="door" frame="0" z_index="18" m_a="0.999965" m_b="-0.008364" m_c="0.008369" m_d="1.000475" m_tx="-71.853104" m_ty="-111.949997"/>
   <element name="symbol_ffd2e5b1" layername="base" frame="0" z_index="19" m_a="0.999965" m_b="-0.008364" m_c="0.008369" m_d="1.000475" m_tx="-11.726036" m_ty="-119.199997"/>
   <element name="symbol_60b88a40" layername="shadow" frame="0" z_index="20" m_a="0.999816" m_b="0.013524" m_c="-0.018487" m_d="1.366735" m_tx="-4.550000" m_ty="8.300000"/>
  </frame>
  <frame idx="250" w="269" h="437" x="-2.730850" y="-108.106400">
   <element name="symbol_63c15f4e" layername="door" frame="0" z_index="18" m_a="0.999987" m_b="-0.005032" m_c="0.005033" m_d="1.000296" m_tx="-71.015106" m_ty="-111.949997"/>
   <element name="symbol_ffd2e5b1" layername="base" frame="0" z_index="19" m_a="0.999987" m_b="-0.005032" m_c="0.005033" m_d="1.000296" m_tx="-10.839064" m_ty="-119.199997"/>
   <element name="symbol_60b88a40" layername="shadow" frame="0" z_index="20" m_a="0.999816" m_b="0.013524" m_c="-0.018487" m_d="1.366735" m_tx="-4.550000" m_ty="8.300000"/>
  </frame>
  <frame idx="275" w="269" h="436" x="-2.730850" y="-107.823166">
   <element name="symbol_63c15f4e" layername="door" frame="0" z_index="18" m_a="0.999997" m_b="-0.002503" m_c="0.002503" m_d="1.000153" m_tx="-70.379250" m_ty="-111.949997"/>
   <element name="symbol_ffd2e5b1" layername="base" frame="0" z_index="19" m_a="0.999997" m_b="-0.002503" m_c="0.002503" m_d="1.000153" m_tx="-10.166027" m_ty="-119.199997"/>
   <element name="symbol_60b88a40" layername="shadow" frame="0" z_index="20" m_a="0.999816" m_b="0.013524" m_c="-0.018487" m_d="1.366735" m_tx="-4.550000" m_ty="8.300000"/>
  </frame>
  <frame idx="300" w="269" h="435" x="-2.730850" y="-107.629471">
   <element name="symbol_63c15f4e" layername="door" frame="0" z_index="18" m_a="1.000000" m_b="-0.000773" m_c="0.000773" m_d="1.000050" m_tx="-69.944397" m_ty="-111.949997"/>
   <element name="symbol_ffd2e5b1" layername="base" frame="0" z_index="19" m_a="1.000000" m_b="-0.000773" m_c="0.000773" m_d="1.000050" m_tx="-9.705800" m_ty="-119.199997"/>
   <element name="symbol_60b88a40" layername="shadow" frame="0" z_index="20" m_a="0.999816" m_b="0.013524" m_c="-0.018487" m_d="1.366735" m_tx="-4.550000" m_ty="8.300000"/>
  </frame>
  <frame idx="325" w="269" h="435" x="-2.730850" y="-107.565781">
   <element name="symbol_63c15f4e" layername="door" frame="0" z_index="18" m_a="1.000000" m_b="-0.000205" m_c="0.000205" m_d="1.000013" m_tx="-69.801460" m_ty="-111.949997"/>
   <element name="symbol_ffd2e5b1" layername="base" frame="0" z_index="19" m_a="1.000000" m_b="-0.000205" m_c="0.000205" m_d="1.000013" m_tx="-9.554477" m_ty="-119.199997"/>
   <element name="symbol_60b88a40" layername="shadow" frame="0" z_index="20" m_a="0.999816" m_b="0.013524" m_c="-0.018487" m_d="1.366735" m_tx="-4.550000" m_ty="8.300000"/>
  </frame>
 </anim>
 <anim name="idle" root="deep_freezer" numframes="100" framerate="40">
  <frame idx="0" w="269" h="435" x="-2.730850" y="-107.542862">
   <element name="symbol_63c15f4e" layername="door" frame="0" z_index="18" m_a="1.000000" m_b="0.000000" m_c="0.000000" m_d="1.000000" m_tx="-69.750000" m_ty="-111.949997"/>
   <element name="symbol_ffd2e5b1" layername="base" frame="0" z_index="19" m_a="1.000000" m_b="0.000000" m_c="0.000000" m_d="1.000000" m_tx="-9.500000" m_ty="-119.199997"/>
   <element name="symbol_60b88a40" layername="shadow" frame="0" z_index="20" m_a="0.999816" m_b="0.013524" m_c="-0.018487" m_d="1.366735" m_tx="-4.550000" m_ty="8.300000"/>
  </frame>
  <frame idx="25" w="269" h="435" x="-2.730850" y="-107.542862">
   <element name="symbol_63c15f4e" layername="door" frame="0" z_index="18" m_a="1.000000" m_b="0.000000" m_c="0.000000" m_d="1.000000" m_tx="-69.750000" m_ty="-111.949997"/>
   <element name="symbol_ffd2e5b1" layername="base" frame="0" z_index="19" m_a="1.000000" m_b="0.000000" m_c="0.000000" m_d="1.000000" m_tx="-9.500000" m_ty="-119.199997"/>
   <element name="symbol_60b88a40" layername="shadow" frame="0" z_index="20" m_a="0.999816" m_b="0.013524" m_c="-0.018487" m_d="1.366735" m_tx="-4.550000" m_ty="8.300000"/>
  </frame>
  <frame idx="50" w="269" h="435" x="-2.730850" y="-107.542862">
   <element name="symbol_63c15f4e" layername="door" frame="0" z_index="18" m_a="1.000000" m_b="0.000000" m_c="0.000000" m_d="1.000000" m_tx="-69.750000" m_ty="-111.949997"/>
   <element name="symbol_ffd2e5b1" layername="base" frame="0" z_index="19" m_a="1.000000" m_b="0.000000" m_c="0.000000" m_d="1.000000" m_tx="-9.500000" m_ty="-119.199997"/>
   <element name="symbol_60b88a40" layername="shadow" frame="0" z_index="20" m_a="0.999816" m_b="0.013524" m_c="-0.018487" m_d="1.366735" m_tx="-4.550000" m_ty="8.300000"/>
  </frame>
  <frame idx="75" w="269" h="435" x="-2.730850" y="-107.542862">
   <element name="symbol_63c15f4e" layername="door" frame="0" z_index="18" m_a="1.000000" m_b="0.000000" m_c="0.000000" m_d="1.000000" m_tx="-69.750000" m_ty="-111.949997"/>
   <element name="symbol_ffd2e5b1" layername="base" frame="0" z_index="19" m_a="1.000000" m_b="0.000000" m_c="0.000000" m_d="1.000000" m_tx="-9.500000" m_ty="-119.199997"/>
   <element name="symbol_60b88a40" layername="shadow" frame="0" z_index="20" m_a="0.999816" m_b="0.013524" m_c="-0.018487" m_d="1.366735" m_tx="-4.550000" m_ty="8.300000"/>
  </frame>
 </anim>
 <anim name="open" root="deep_freezer" numframes="225" framerate="40">
  <frame idx="0" w="272" h="423" x="0.716980" y="-103.692856">
   <element name="symbol_63c15f4e" layername="door" frame="0" z_index="18" m_a="1.081480" m_b="0.000000" m_c="0.000000" m_d="0.942474" m_tx="-73.000099" m_ty="-104.699997"/>
   <element name="symbol_ffd2e5b1" layername="base" frame="0" z_index="19" m_a="1.081480" m_b="0.000000" m_c="0.000000" m_d="0.942474" m_tx="-7.850010" m_ty="-111.500000"/>
   <element name="symbol_60b88a40" layername="shadow" frame="0" z_index="20" m_a="0.999816" m_b="0.013524" m_c="-0.018487" m_d="1.366735" m_tx="-4.550000" m_ty="8.300000"/>
  </frame>
  <frame idx="25" w="277" h="418" x="4.375839" y="-102.498001">
   <element name="symbol_63c15f4e" layername="door" frame="0" z_index="18" m_a="0.960563" m_b="0.036555" m_c="-0.035259" m_d="0.926512" m_tx="-72.327057" m_ty="-102.022537"/>
   <element name="symbol_ffd2e5b1" layername="base" frame="0" z_index="19" m_a="1.117267" m_b="0.000000" m_c="0.000000" m_d="0.927183" m_tx="-8.548539" m_ty="-109.110291"/>
   <element name="symbol_60b88a40" layername="shadow" frame="0" z_index="20" m_a="0.999816" m_b="0.013524" m_c="-0.018487" m_d="1.366735" m_tx="-4.550000" m_ty="8.300000"/>
  </frame>
  <frame idx="50" w="274" h="421" x="2.803680" y="-103.127731">
   <element name="symbol_63c15f4e" layername="door" frame="1" z_index="18" m_a="0.878796" m_b="0.048366" m_c="-0.051482" m_d="0.935415" m_tx="-70.598312" m_ty="-102.910500"/>
   <element name="symbol_ffd2e5b1" layername="base" frame="0" z_index="19" m_a="1.104957" m_b="0.000000" m_c="0.000000" m_d="0.936839" m_tx="-8.935511" m_ty="-110.369759"/>
   <element name="symbol_60b88a40" layername="shadow" frame="0" z_index="20" m_a="0.999816" m_b="0.013524" m_c="-0.018487" m_d="1.366735" m_tx="-4.550000" m_ty="8.300000"/>
  </frame>
  <frame idx="75" w="270" h="425" x="-1.257980" y="-104.617493">
   <element name="symbol_63c15f4e" layername="door" frame="1" z_index="18" m_a="0.825453" m_b="0.049214" m_c="-0.057023" m_d="0.956432" m_tx="-68.648560" m_ty="-105.715004"/>
   <element name="symbol_ffd2e5b1" layername="base" frame="0" z_index="19" m_a="1.069543" m_b="0.000000" m_c="0.000000" m_d="0.958151" m_tx="-9.125982" m_ty="-113.349274"/>
   <element name="symbol_60b88a40" layername="shadow" frame="0" z_index="20" m_a="0.999816" m_b="0.013524" m_c="-0.018487" m_d="1.366735" m_tx="-4.550000" m_ty="8.300000"/>
  </frame>
  <frame idx="100" w="269" h="429" x="-2.730850" y="-105.753860">
   <element name="symbol_63c15f4e" layername="door" frame="1" z_index="18" m_a="0.784763" m_b="0.049538" m_c="-0.061385" m_d="0.972444" m_tx="-67.161041" m_ty="-107.858727"/>
   <element name="symbol_ffd2e5b1" layername="base" frame="0" z_index="19" m_a="1.042520" m_b="0.000000" m_c="0.000000" m_d="0.974411" m_tx="-9.271300" m_ty="-115.622002"/>
   <element name="symbol_60b88a40" layername="shadow" frame="0" z_index="20" m_a="0.999816" m_b="0.013524" m_c="-0.018487" m_d="1.366735" m_tx="-4.550000" m_ty="8.300000"/>
  </frame>
  <frame idx="125" w="269" h="432" x="-2.730850" y="-106.491364">
   <element name="symbol_63c15f4e" layername="door" frame="1" z_index="18" m_a="0.758375" m_b="0.049592" m_c="-0.064269" m_d="0.982821" m_tx="-66.196114" m_ty="-109.250229"/>
   <element name="symbol_ffd2e5b1" layername="base" frame="0" z_index="19" m_a="1.024998" m_b="0.000000" m_c="0.000000" m_d="0.984957" m_tx="-9.365558" m_ty="-117.097000"/>
   <element name="symbol_60b88a40" layername="shadow" frame="0" z_index="20" m_a="0.999816" m_b="0.013524" m_c="-0.018487" m_d="1.366735" m_tx="-4.550000" m_ty="8.300000"/>
  </frame>
  <frame idx="150" w="269" h="434" x="-2.730850" y="-107.041702">
   <element name="symbol_63c15f4e" layername="door" frame="1" z_index="18" m_a="0.738678" m_b="0.049554" m_c="-0.066451" m_d="0.990563" m_tx="-65.475761" m_ty="-110.289955"/>
   <element name="symbol_ffd2e5b1" layername="base" frame="0" z_index="19" m_a="1.011917" m_b="0.000000" m_c="0.000000" m_d="0.992831" m_tx="-9.435926" m_ty="-118.197701"/>
   <element name="symbol_60b88a40" layername="shadow" frame="0" z_index="20" m_a="0.999816" m_b="0.013524" m_c="-0.018487" m_d="1.366735" m_tx="-4.550000" m_ty="8.300000"/>
  </frame>
  <frame idx="175" w="269" h="435" x="-2.730850" y="-107.392487">
   <element name="symbol_63c15f4e" layername="door" frame="1" z_index="18" m_a="0.726122" m_b="0.049495" m_c="-0.067857" m_d="0.995497" m_tx="-65.016525" m_ty="-110.953224"/>
   <element name="symbol_ffd2e5b1" layername="base" frame="0" z_index="19" m_a="1.003576" m_b="0.000000" m_c="0.000000" m_d="0.997850" m_tx="-9.480788" m_ty="-118.899246"/>
   <element name="symbol_60b88a40" layername="shadow" frame="0" z_index="20" m_a="0.999816" m_b="0.013524" m_c="-0.018487" m_d="1.366735" m_tx="-4.550000" m_ty="8.300000"/>
  </frame>
  <frame idx="200" w="269" h="435" x="-2.730850" y="-107.542862">
   <element name="symbol_63c15f4e" layername="door" frame="1" z_index="18" m_a="0.720745" m_b="0.049464" m_c="-0.068465" m_d="0.997608" m_tx="-64.819786" m_ty="-111.237389"/>
   <element name="symbol_ffd2e5b1" layername="base" frame="0" z_index="19" m_a="1.000000" m_b="0.000000" m_c="0.000000" m_d="1.000000" m_tx="-9.500000" m_ty="-119.199997"/>
   <element name="symbol_60b88a40" layername="shadow" frame="0" z_index="20" m_a="0.999816" m_b="0.013524" m_c="-0.018487" m_d="1.366735" m_tx="-4.550000" m_ty="8.300000"/>
  </frame>
 </anim>
 <anim name="place" root="deep_freezer" numframes="450" framerate="40">
  <frame idx="0" w="269" h="30" x="-2.730850" y="15.232184">
   <element name="symbol_60b88a40" layername="shadow" frame="0" z_index="20" m_a="0.999816" m_b="0.013524" m_c="-0.018487" m_d="1.366735" m_tx="-4.550000" m_ty="8.300000"/>
  </frame>
  <frame idx="25" w="269" h="30" x="-2.730850" y="15.232184">
   <element name="symbol_60b88a40" layername="shadow" frame="0" z_index="20" m_a="0.999816" m_b="0.013524" m_c="-0.018487" m_d="1.366735" m_tx="-4.550000" m_ty="8.300000"/>
  </frame>
  <frame idx="50" w="269" h="681" x="-2.730850" y="-182.320038">
   <element name="symbol_60b88a40" layername="shadow" frame="0" z_index="20" m_a="0.999816" m_b="0.013524" m_c="-0.018487" m_d="1.366735" m_tx="-4.550000" m_ty="8.300000"/>
   <element name="symbol_ffd2e5b1" layername="base" frame="0" z_index="19" m_a="0.388675" m_b="0.000000" m_c="0.000000" m_d="1.123575" m_tx="-7.662742" m_ty="-268.754364"/>
  </frame>
  <frame idx="75" w="269" h="615" x="-2.730850" y="-162.277206">
   <element name="symbol_60b88a40" layername="shadow" frame="0" z_index="20" m_a="0.999816" m_b="0.013524" m_c="-0.018487" m_d="1.366735" m_tx="-4.550000" m_ty="8.300000"/>
   <element name="symbol_ffd2e5b1" layername="base" frame="0" z_index="19" m_a="0.453653" m_b="0.000000" m_c="0.000000" m_d="1.136954" m_tx="-8.255139" m_ty="-228.668701"/>
  </frame>
  <frame idx="100" w="284" h="556" x="11.084930" y="-62.123550">
   <element name="symbol_60b88a40" layername="shadow" frame="0" z_index="20" m_a="0.999816" m_b="0.013524" m_c="-0.018487" m_d="1.366735" m_tx="-4.550000" m_ty="8.300000"/>
   <element name="symbol_ffd2e5b1" layername="base" frame="0" z_index="19" m_a="0.579231" m_b="0.000000" m_c="0.000000" m_d="1.162810" m_tx="-9.400010" m_ty="-151.199005"/>
   <element name="symbol_63c15f4e" layername="door" frame="2" z_index="18" m_a="0.390625" m_b="0.000000" m_c="0.000000" m_d="1.059310" m_tx="37.150002" m_ty="48.000000"/>
  </frame>
  <frame idx="125" w="294" h="486" x="20.395737" y="-45.473923">
   <element name="symbol_60b88a40" layername="shadow" frame="0" z_index="20" m_a="0.999816" m_b="0.013524" m_c="-0.018487" m_d="1.366735" m_tx="-4.550000" m_ty="8.300000"/>
   <element name="symbol_ffd2e5b1" layername="base" frame="0" z_index="19" m_a="1.007907" m_b="0.000000" m_c="0.000000" m_d="0.912331" m_tx="-9.988237" m_ty="-111.309952"/>
   <element name="symbol_63c15f4e" layername="door" frame="2" z_index="18" m_a="0.493952" m_b="0.000000" m_c="0.000000" m_d="1.036134" m_tx="23.946838" m_ty="44.029118"/>
  </frame>
  <frame idx="150" w="321" h="450" x="44.893158" y="-46.094330">
   <element name="symbol_60b88a40" layername="shadow" frame="0" z_index="20" m_a="0.999816" m_b="0.013524" m_c="-0.018487" m_d="1.366735" m_tx="-4.550000" m_ty="8.300000"/>
   <element name="symbol_ffd2e5b1" layername="base" frame="0" z_index="19" m_a="1.182094" m_b="0.000000" m_c="0.000000" m_d="0.808585" m_tx="-10.234763" m_ty="-95.212929"/>
   <element name="symbol_63c15f4e" layername="door" frame="2" z_index="18" m_a="0.765812" m_b="0.000000" m_c="0.000000" m_d="0.975157" m_tx="-10.791126" m_ty="33.581612"/>
  </frame>
  <frame idx="175" w="345" h="434" x="66.690811" y="-55.751633">
   <element name="symbol_60b88a40" layername="shadow" frame="0" z_index="20" m_a="0.999816" m_b="0.013524" m_c="-0.018487" m_d="1.366735" m_tx="-4.550000" m_ty="8.300000"/>
   <element name="symbol_ffd2e5b1" layername="base" frame="0" z_index="19" m_a="1.209382" m_b="0.000000" m_c="0.000000" m_d="0.789939" m_tx="-10.282488" m_ty="-92.826843"/>
   <element name="symbol_63c15f4e" layername="door" frame="2" z_index="18" m_a="1.016725" m_b="-0.001143" m_c="0.000995" m_d="0.885071" m_tx="-44.589394" m_ty="22.060606"/>
  </frame>
  <frame idx="200" w="343" h="422" x="64.569580" y="-63.969650">
   <element name="symbol_60b88a40" layername="shadow" frame="0" z_index="20" m_a="0.999816" m_b="0.013524" m_c="-0.018487" m_d="1.366735" m_tx="-4.550000" m_ty="8.300000"/>
   <element name="symbol_ffd2e5b1" layername="base" frame="0" z_index="19" m_a="1.228700" m_b="0.000000" m_c="0.000000" m_d="0.776738" m_tx="-10.316200" m_ty="-91.137604"/>
   <element name="symbol_63c15f4e" layername="door" frame="2" z_index="18" m_a="1.021669" m_b="-0.004736" m_c="0.003608" m_d="0.778305" m_tx="-50.650002" m_ty="16.000000"/>
  </frame>
  <frame idx="225" w="345" h="410" x="66.738159" y="-72.667999">
   <element name="symbol_60b88a40" layername="shadow" frame="0" z_index="20" m_a="0.999816" m_b="0.013524" m_c="-0.018487" m_d="1.366735" m_tx="-4.550000" m_ty="8.300000"/>
   <element name="symbol_ffd2e5b1" layername="base" frame="0" z_index="19" m_a="1.239340" m_b="0.000000" m_c="0.000000" m_d="0.769470" m_tx="-10.334804" m_ty="-90.207603"/>
   <element name="symbol_63c15f4e" layername="door" frame="2" z_index="18" m_a="1.041849" m_b="0.000179" m_c="-0.000124" m_d="0.719746" m_tx="-52.120590" m_ty="4.235294"/>
  </frame>
  <frame idx="250" w="345" h="409" x="66.150467" y="-72.690796">
   <element name="symbol_60b88a40" layername="shadow" frame="0" z_index="20" m_a="0.999816" m_b="0.013524" m_c="-0.018487" m_d="1.366735" m_tx="-4.550000" m_ty="8.300000"/>
   <element name="symbol_ffd2e5b1" layername="base" frame="0" z_index="19" m_a="1.245512" m_b="0.000000" m_c="0.000000" m_d="0.765254" m_tx="-10.345621" m_ty="-89.668053"/>
   <element name="symbol_63c15f4e" layername="door" frame="2" z_index="18" m_a="1.030419" m_b="0.070379" m_c="-0.048279" m_d="0.706849" m_tx="-49.775337" m_ty="-16.513994"/>
  </frame>
  <frame idx="275" w="284" h="437" x="11.994354" y="-67.533691">
   <element name="symbol_60b88a40" layername="shadow" frame="0" z_index="20" m_a="0.999816" m_b="0.013524" m_c="-0.018487" m_d="1.366735" m_tx="-4.550000" m_ty="8.300000"/>
   <element name="symbol_ffd2e5b1" layername="base" frame="0" z_index="19" m_a="1.191438" m_b="0.000000" m_c="0.000000" m_d="0.847168" m_tx="-9.925758" m_ty="-99.959473"/>
   <element name="symbol_63c15f4e" layername="door" frame="0" z_index="18" m_a="0.989724" m_b="0.104328" m_c="-0.085072" m_d="0.807049" m_tx="-57.354687" m_ty="3.182663"/>
  </frame>
  <frame idx="300" w="269" h="514" x="-2.730850" y="-62.789703">
   <element name="symbol_60b88a40" layername="shadow" frame="0" z_index="20" m_a="0.999816" m_b="0.013524" m_c="-0.018487" m_d="1.366735" m_tx="-4.550000" m_ty="8.300000"/>
   <element name="symbol_ffd2e5b1" layername="base" frame="0" z_index="19" m_a="1.014680" m_b="0.000000" m_c="0.000000" m_d="1.108460" m_tx="-8.600000" m_ty="-132.800003"/>
   <element name="symbol_63c15f4e" layername="door" frame="0" z_index="18" m_a="0.931762" m_b="0.000000" m_c="0.000000" m_d="1.100820" m_tx="-60.858410" m_ty="-6.849113"/>
  </frame>
  <frame idx="325" w="269" h="534" x="-2.730850" y="-59.219391">
   <element name="symbol_60b88a40" layername="shadow" frame="0" z_index="20" m_a="0.999816" m_b="0.013524" m_c="-0.018487" m_d="1.366735" m_tx="-4.550000" m_ty="8.300000"/>
   <element name="symbol_ffd2e5b1" layername="base" frame="0" z_index="19" m_a="0.953600" m_b="0.000000" m_c="0.000000" m_d="1.166085" m_tx="-8.563243" m_ty="-139.822067"/>
   <element name="symbol_63c15f4e" layername="door" frame="0" z_index="18" m_a="0.888299" m_b="0.000000" m_c="0.000000" m_d="1.162379" m_tx="-59.394497" m_ty="-7.768295"/>
  </frame>
  <frame idx="350" w="269" h="531" x="-2.730850" y="-59.662933">
   <element name="symbol_60b88a40" layername="shadow" frame="0" z_index="20" m_a="0.999816" m_b="0.013524" m_c="-0.018487" m_d="1.366735" m_tx="-4.550000" m_ty="8.300000"/>
   <element name="symbol_ffd2e5b1" layername="base" frame="0" z_index="19" m_a="0.942664" m_b="0.000000" m_c="0.000000" m_d="1.156634" m_tx="-8.703542" m_ty="-138.608429"/>
   <element name="symbol_63c15f4e" layername="door" frame="0" z_index="18" m_a="0.893233" m_b="0.000000" m_c="0.000000" m_d="1.154717" m_tx="-60.601723" m_ty="-7.991882"/>
  </frame>
  <frame idx="375" w="269" h="514" x="-2.730850" y="-62.364838">
   <element name="symbol_60b88a40" layername="shadow" frame="0" z_index="20" m_a="0.999816" m_b="0.013524" m_c="-0.018487" m_d="1.366735" m_tx="-4.550000" m_ty="8.300000"/>
   <element name="symbol_ffd2e5b1" layername="base" frame="0" z_index="19" m_a="0.959933" m_b="0.000000" m_c="0.000000" m_d="1.109454" m_tx="-8.943436" m_ty="-132.762451"/>
   <element name="symbol_63c15f4e" layername="door" frame="0" z_index="18" m_a="0.925392" m_b="0.000000" m_c="0.000000" m_d="1.108116" m_tx="-63.311436" m_ty="-7.824448"/>
  </frame>
  <frame idx="400" w="269" h="499" x="-2.730850" y="-65.067902">
   <element name="symbol_60b88a40" layername="shadow" frame="0" z_index="20" m_a="0.999816" m_b="0.013524" m_c="-0.018487" m_d="1.366735" m_tx="-4.550000" m_ty="8.300000"/>
   <element name="symbol_ffd2e5b1" layername="base" frame="0" z_index="19" m_a="0.977203" m_b="0.000000" m_c="0.000000" m_d="1.062280" m_tx="-9.183330" m_ty="-126.917000"/>
   <element name="symbol_63c15f4e" layername="door" frame="0" z_index="18" m_a="0.957550" m_b="0.000000" m_c="0.000000" m_d="1.061510" m_tx="-66.021095" m_ty="-7.657547"/>
  </frame>
  <frame idx="425" w="269" h="483" x="-2.730850" y="-67.689819">
   <element name="symbol_60b88a40" layername="shadow" frame="0" z_index="20" m_a="0.999816" m_b="0.013524" m_c="-0.018487" m_d="1.366735" m_tx="-4.550000" m_ty="8.300000"/>
   <element name="symbol_ffd2e5b1" layername="base" frame="0" z_index="19" m_a="0.993966" m_b="0.000000" m_c="0.000000" m_d="1.016486" m_tx="-9.416176" m_ty="-121.242737"/>
   <element name="symbol_63c15f4e" layername="door" frame="0" z_index="18" m_a="0.988763" m_b="0.000000" m_c="0.000000" m_d="1.016282" m_tx="-68.651199" m_ty="-7.494774"/>
  </frame>
 </anim>
</Anims>
