<Anims>
 <anim name="burnt" root="deep_freezer" numframes="400" framerate="40">
  <frame idx="0" w="450" h="625" x="-2.705078" y="-152.313217">
   <element name="base" layername="base" frame="0" z_index="39" m_a="1.000000" m_b="0.000000" m_c="0.000000" m_d="1.000000" m_tx="-200.000000" m_ty="-360.000000"/>
   <element name="shadow" layername="shadow" frame="0" z_index="40" m_a="0.999909" m_b="0.013525" m_c="-0.013525" m_d="0.999909" m_tx="-200.000000" m_ty="-350.000000"/>
  </frame>
  <frame idx="25" w="450" h="625" x="-2.705078" y="-152.313217">
   <element name="base" layername="base" frame="0" z_index="39" m_a="1.000000" m_b="0.000000" m_c="0.000000" m_d="1.000000" m_tx="-200.000000" m_ty="-360.000000"/>
   <element name="shadow" layername="shadow" frame="0" z_index="40" m_a="0.999909" m_b="0.013525" m_c="-0.013525" m_d="0.999909" m_tx="-200.000000" m_ty="-350.000000"/>
  </frame>
  <frame idx="50" w="450" h="625" x="-2.705078" y="-152.313217">
   <element name="base" layername="base" frame="0" z_index="39" m_a="1.000000" m_b="0.000000" m_c="0.000000" m_d="1.000000" m_tx="-200.000000" m_ty="-360.000000"/>
   <element name="shadow" layername="shadow" frame="0" z_index="40" m_a="0.999909" m_b="0.013525" m_c="-0.013525" m_d="0.999909" m_tx="-200.000000" m_ty="-350.000000"/>
  </frame>
  <frame idx="75" w="450" h="625" x="-2.705078" y="-152.313217">
   <element name="base" layername="base" frame="0" z_index="39" m_a="1.000000" m_b="0.000000" m_c="0.000000" m_d="1.000000" m_tx="-200.000000" m_ty="-360.000000"/>
   <element name="shadow" layername="shadow" frame="0" z_index="40" m_a="0.999909" m_b="0.013525" m_c="-0.013525" m_d="0.999909" m_tx="-200.000000" m_ty="-350.000000"/>
  </frame>
  <frame idx="100" w="450" h="625" x="-2.705078" y="-152.313217">
   <element name="base" layername="base" frame="0" z_index="39" m_a="1.000000" m_b="0.000000" m_c="0.000000" m_d="1.000000" m_tx="-200.000000" m_ty="-360.000000"/>
   <element name="shadow" layername="shadow" frame="0" z_index="40" m_a="0.999909" m_b="0.013525" m_c="-0.013525" m_d="0.999909" m_tx="-200.000000" m_ty="-350.000000"/>
  </frame>
  <frame idx="125" w="450" h="625" x="-2.705078" y="-152.313217">
   <element name="base" layername="base" frame="0" z_index="39" m_a="1.000000" m_b="0.000000" m_c="0.000000" m_d="1.000000" m_tx="-200.000000" m_ty="-360.000000"/>
   <element name="shadow" layername="shadow" frame="0" z_index="40" m_a="0.999909" m_b="0.013525" m_c="-0.013525" m_d="0.999909" m_tx="-200.000000" m_ty="-350.000000"/>
  </frame>
  <frame idx="150" w="450" h="625" x="-2.705078" y="-152.313217">
   <element name="base" layername="base" frame="0" z_index="39" m_a="1.000000" m_b="0.000000" m_c="0.000000" m_d="1.000000" m_tx="-200.000000" m_ty="-360.000000"/>
   <element name="shadow" layername="shadow" frame="0" z_index="40" m_a="0.999909" m_b="0.013525" m_c="-0.013525" m_d="0.999909" m_tx="-200.000000" m_ty="-350.000000"/>
  </frame>
  <frame idx="175" w="450" h="625" x="-2.705078" y="-152.313217">
   <element name="base" layername="base" frame="0" z_index="39" m_a="1.000000" m_b="0.000000" m_c="0.000000" m_d="1.000000" m_tx="-200.000000" m_ty="-360.000000"/>
   <element name="shadow" layername="shadow" frame="0" z_index="40" m_a="0.999909" m_b="0.013525" m_c="-0.013525" m_d="0.999909" m_tx="-200.000000" m_ty="-350.000000"/>
  </frame>
  <frame idx="200" w="450" h="625" x="-2.705078" y="-152.313217">
   <element name="base" layername="base" frame="0" z_index="39" m_a="1.000000" m_b="0.000000" m_c="0.000000" m_d="1.000000" m_tx="-200.000000" m_ty="-360.000000"/>
   <element name="shadow" layername="shadow" frame="0" z_index="40" m_a="0.999909" m_b="0.013525" m_c="-0.013525" m_d="0.999909" m_tx="-200.000000" m_ty="-350.000000"/>
  </frame>
  <frame idx="225" w="450" h="625" x="-2.705078" y="-152.313217">
   <element name="base" layername="base" frame="0" z_index="39" m_a="1.000000" m_b="0.000000" m_c="0.000000" m_d="1.000000" m_tx="-200.000000" m_ty="-360.000000"/>
   <element name="shadow" layername="shadow" frame="0" z_index="40" m_a="0.999909" m_b="0.013525" m_c="-0.013525" m_d="0.999909" m_tx="-200.000000" m_ty="-350.000000"/>
  </frame>
  <frame idx="250" w="450" h="625" x="-2.705078" y="-152.313217">
   <element name="base" layername="base" frame="0" z_index="39" m_a="1.000000" m_b="0.000000" m_c="0.000000" m_d="1.000000" m_tx="-200.000000" m_ty="-360.000000"/>
   <element name="shadow" layername="shadow" frame="0" z_index="40" m_a="0.999909" m_b="0.013525" m_c="-0.013525" m_d="0.999909" m_tx="-200.000000" m_ty="-350.000000"/>
  </frame>
  <frame idx="275" w="450" h="625" x="-2.705078" y="-152.313217">
   <element name="base" layername="base" frame="0" z_index="39" m_a="1.000000" m_b="0.000000" m_c="0.000000" m_d="1.000000" m_tx="-200.000000" m_ty="-360.000000"/>
   <element name="shadow" layername="shadow" frame="0" z_index="40" m_a="0.999909" m_b="0.013525" m_c="-0.013525" m_d="0.999909" m_tx="-200.000000" m_ty="-350.000000"/>
  </frame>
  <frame idx="300" w="450" h="625" x="-2.705078" y="-152.313217">
   <element name="base" layername="base" frame="0" z_index="39" m_a="1.000000" m_b="0.000000" m_c="0.000000" m_d="1.000000" m_tx="-200.000000" m_ty="-360.000000"/>
   <element name="shadow" layername="shadow" frame="0" z_index="40" m_a="0.999909" m_b="0.013525" m_c="-0.013525" m_d="0.999909" m_tx="-200.000000" m_ty="-350.000000"/>
  </frame>
  <frame idx="325" w="450" h="625" x="-2.705078" y="-152.313217">
   <element name="base" layername="base" frame="0" z_index="39" m_a="1.000000" m_b="0.000000" m_c="0.000000" m_d="1.000000" m_tx="-200.000000" m_ty="-360.000000"/>
   <element name="shadow" layername="shadow" frame="0" z_index="40" m_a="0.999909" m_b="0.013525" m_c="-0.013525" m_d="0.999909" m_tx="-200.000000" m_ty="-350.000000"/>
  </frame>
  <frame idx="350" w="450" h="625" x="-2.705078" y="-152.313217">
   <element name="base" layername="base" frame="0" z_index="39" m_a="1.000000" m_b="0.000000" m_c="0.000000" m_d="1.000000" m_tx="-200.000000" m_ty="-360.000000"/>
   <element name="shadow" layername="shadow" frame="0" z_index="40" m_a="0.999909" m_b="0.013525" m_c="-0.013525" m_d="0.999909" m_tx="-200.000000" m_ty="-350.000000"/>
  </frame>
  <frame idx="375" w="450" h="625" x="-2.705078" y="-152.313217">
   <element name="base" layername="base" frame="0" z_index="39" m_a="1.000000" m_b="0.000000" m_c="0.000000" m_d="1.000000" m_tx="-200.000000" m_ty="-360.000000"/>
   <element name="shadow" layername="shadow" frame="0" z_index="40" m_a="0.999909" m_b="0.013525" m_c="-0.013525" m_d="0.999909" m_tx="-200.000000" m_ty="-350.000000"/>
  </frame>
 </anim>
 <anim name="close" root="deep_freezer" numframes="350" framerate="40">
  <frame idx="0" w="505" h="640" x="-19.430618" y="-159.747787">
   <element name="door" layername="door" frame="0" z_index="34" m_a="0.730891" m_b="0.048917" m_c="-0.066587" m_d="0.994905" m_tx="-212.189743" m_ty="-367.024506"/>
   <element name="base" layername="base" frame="1" z_index="39" m_a="1.004700" m_b="0.000000" m_c="0.000000" m_d="0.997173" m_tx="-204.770920" m_ty="-366.728760"/>
   <element name="shadow" layername="shadow" frame="0" z_index="40" m_a="0.999909" m_b="0.013525" m_c="-0.013525" m_d="0.999909" m_tx="-200.000000" m_ty="-370.000000"/>
   <element name="supplies" layername="meh_pidor" frame="0" z_index="38" m_a="1.000000" m_b="0.000000" m_c="0.000000" m_d="1.000000" m_tx="-26.000000" m_ty="-122.000000"/>
   <element name="supplies" layername="supp_2" frame="1" z_index="37" m_a="1.000000" m_b="0.000000" m_c="0.000000" m_d="1.000000" m_tx="-11.000000" m_ty="-203.000000"/>
   <element name="supplies" layername="supp_3" frame="2" z_index="36" m_a="1.000000" m_b="0.000000" m_c="0.000000" m_d="1.000000" m_tx="-43.000000" m_ty="-190.000000"/>
   <element name="supplies" layername="supp_4" frame="3" z_index="35" m_a="1.000000" m_b="0.000000" m_c="0.000000" m_d="1.000000" m_tx="-38.000000" m_ty="-275.000000"/>
  </frame>
  <frame idx="25" w="509" h="638" x="-20.444748" y="-160.142181">
   <element name="door" layername="door" frame="0" z_index="34" m_a="0.753208" m_b="0.047576" m_c="-0.062467" m_d="0.988948" m_tx="-215.866211" m_ty="-364.893890"/>
   <element name="base" layername="base" frame="1" z_index="39" m_a="1.015024" m_b="0.000000" m_c="0.000000" m_d="0.990956" m_tx="-207.696259" m_ty="-364.734528"/>
   <element name="shadow" layername="shadow" frame="0" z_index="40" m_a="0.999909" m_b="0.013525" m_c="-0.013525" m_d="0.999909" m_tx="-200.000000" m_ty="-370.000000"/>
   <element name="supplies" layername="meh_pidor" frame="0" z_index="38" m_a="1.000000" m_b="0.000000" m_c="0.000000" m_d="0.963235" m_tx="-26.000000" m_ty="-119.794121"/>
   <element name="supplies" layername="supp_2" frame="1" z_index="37" m_a="1.000000" m_b="0.000000" m_c="0.000000" m_d="0.963235" m_tx="-11.000000" m_ty="-199.323532"/>
   <element name="supplies" layername="supp_3" frame="2" z_index="36" m_a="1.000000" m_b="0.000000" m_c="0.000000" m_d="0.963235" m_tx="-43.735294" m_ty="-187.058823"/>
   <element name="supplies" layername="supp_4" frame="3" z_index="35" m_a="1.000000" m_b="0.000000" m_c="0.000000" m_d="0.963235" m_tx="-38.735294" m_ty="-270.588226"/>
  </frame>
  <frame idx="50" w="511" h="638" x="-20.517151" y="-160.749451">
   <element name="door" layername="door" frame="0" z_index="34" m_a="0.787184" m_b="0.045220" m_c="-0.056288" m_d="0.979846" m_tx="-219.613983" m_ty="-361.525269"/>
   <element name="base" layername="base" frame="1" z_index="39" m_a="1.030745" m_b="0.000000" m_c="0.000000" m_d="0.981490" m_tx="-211.203217" m_ty="-361.111328"/>
   <element name="shadow" layername="shadow" frame="0" z_index="40" m_a="0.999909" m_b="0.013525" m_c="-0.013525" m_d="0.999909" m_tx="-200.000000" m_ty="-370.000000"/>
   <element name="supplies" layername="meh_pidor" frame="0" z_index="38" m_a="1.000000" m_b="0.000000" m_c="0.000000" m_d="0.925758" m_tx="-26.000000" m_ty="-117.060608"/>
   <element name="supplies" layername="supp_2" frame="1" z_index="37" m_a="1.000000" m_b="0.000000" m_c="0.000000" m_d="0.925758" m_tx="-11.000000" m_ty="-195.575760"/>
   <element name="supplies" layername="supp_3" frame="2" z_index="36" m_a="1.000000" m_b="0.000000" m_c="0.000000" m_d="0.925758" m_tx="-44.000000" m_ty="-183.090912"/>
   <element name="supplies" layername="supp_4" frame="3" z_index="35" m_a="1.000000" m_b="0.000000" m_c="0.000000" m_d="0.925758" m_tx="-39.000000" m_ty="-266.090912"/>
  </frame>
  <frame idx="75" w="501" h="637" x="-14.651657" y="-161.920395">
   <element name="door" layername="door" frame="0" z_index="34" m_a="0.835583" m_b="0.041196" m_c="-0.047666" m_d="0.966814" m_tx="-215.689743" m_ty="-357.044525"/>
   <element name="base" layername="base" frame="1" z_index="39" m_a="1.053144" m_b="0.000000" m_c="0.000000" m_d="0.968005" m_tx="-215.804733" m_ty="-356.033691"/>
   <element name="shadow" layername="shadow" frame="0" z_index="40" m_a="0.999909" m_b="0.013525" m_c="-0.013525" m_d="0.999909" m_tx="-200.000000" m_ty="-370.000000"/>
   <element name="supplies" layername="meh_pidor" frame="0" z_index="38" m_a="1.000000" m_b="0.000000" m_c="0.000000" m_d="0.875000" m_tx="-26.000000" m_ty="-113.000000"/>
   <element name="supplies" layername="supp_2" frame="1" z_index="37" m_a="1.000000" m_b="0.000000" m_c="0.000000" m_d="0.875000" m_tx="-11.000000" m_ty="-191.000000"/>
   <element name="supplies" layername="supp_3" frame="2" z_index="36" m_a="1.000000" m_b="0.000000" m_c="0.000000" m_d="0.875000" m_tx="-44.000000" m_ty="-178.000000"/>
   <element name="supplies" layername="supp_4" frame="3" z_index="35" m_a="1.000000" m_b="0.000000" m_c="0.000000" m_d="0.875000" m_tx="-39.000000" m_ty="-261.000000"/>
  </frame>
  <frame idx="100" w="508" h="635" x="-12.736679" y="-163.584671">
   <element name="door" layername="door" frame="1" z_index="34" m_a="0.900676" m_b="0.034537" m_c="-0.036396" m_d="0.949162" m_tx="-222.189743" m_ty="-350.649139"/>
   <element name="base" layername="base" frame="1" z_index="39" m_a="1.083280" m_b="0.000000" m_c="0.000000" m_d="0.949860" m_tx="-222.037018" m_ty="-349.812347"/>
   <element name="shadow" layername="shadow" frame="0" z_index="40" m_a="0.999909" m_b="0.013525" m_c="-0.013525" m_d="0.999909" m_tx="-200.000000" m_ty="-370.000000"/>
   <element name="supplies" layername="meh_pidor" frame="0" z_index="38" m_a="1.000000" m_b="0.000000" m_c="0.000000" m_d="0.800000" m_tx="-26.000000" m_ty="-107.000000"/>
   <element name="supplies" layername="supp_2" frame="1" z_index="37" m_a="1.000000" m_b="0.000000" m_c="0.000000" m_d="0.800000" m_tx="-11.000000" m_ty="-185.000000"/>
   <element name="supplies" layername="supp_3" frame="2" z_index="36" m_a="1.000000" m_b="0.000000" m_c="0.000000" m_d="0.800000" m_tx="-44.000000" m_ty="-172.000000"/>
   <element name="supplies" layername="supp_4" frame="3" z_index="35" m_a="1.000000" m_b="0.000000" m_c="0.000000" m_d="0.800000" m_tx="-39.000000" m_ty="-255.000000"/>
  </frame>
  <frame idx="125" w="542" h="632" x="-11.661438" y="-166.842239">
   <element name="door" layername="door" frame="1" z_index="34" m_a="1.073448" m_b="0.025525" m_c="-0.021280" m_d="0.894922" m_tx="-243.202820" m_ty="-331.863342"/>
   <element name="base" layername="base" frame="1" z_index="39" m_a="1.172434" m_b="0.000000" m_c="0.000000" m_d="0.895175" m_tx="-240.581711" m_ty="-329.750732"/>
   <element name="shadow" layername="shadow" frame="0" z_index="40" m_a="0.999909" m_b="0.013525" m_c="-0.013525" m_d="0.999909" m_tx="-200.000000" m_ty="-370.000000"/>
   <element name="supplies" layername="meh_pidor" frame="0" z_index="38" m_a="1.000000" m_b="0.000000" m_c="0.000000" m_d="0.726471" m_tx="-25.264706" m_ty="-100.382355"/>
   <element name="supplies" layername="supp_2" frame="1" z_index="37" m_a="1.000000" m_b="0.000000" m_c="0.000000" m_d="0.726471" m_tx="-10.264706" m_ty="-178.382355"/>
   <element name="supplies" layername="supp_3" frame="2" z_index="36" m_a="1.000000" m_b="0.000000" m_c="0.000000" m_d="0.726471" m_tx="-43.264706" m_ty="-165.382355"/>
   <element name="supplies" layername="supp_4" frame="3" z_index="35" m_a="1.000000" m_b="0.000000" m_c="0.000000" m_d="0.726471" m_tx="-38.264706" m_ty="-248.382355"/>
  </frame>
  <frame idx="150" w="535" h="631" x="-8.966415" y="-167.313217">
   <element name="door" layername="door" frame="1" z_index="34" m_a="1.114916" m_b="0.018412" m_c="-0.014777" m_d="0.894797" m_tx="-241.446960" m_ty="-333.803711"/>
   <element name="base" layername="base" frame="1" z_index="39" m_a="1.176283" m_b="0.000000" m_c="0.000000" m_d="0.894919" m_tx="-241.088074" m_ty="-329.565613"/>
   <element name="shadow" layername="shadow" frame="0" z_index="40" m_a="0.999909" m_b="0.013525" m_c="-0.013525" m_d="0.999909" m_tx="-200.000000" m_ty="-370.000000"/>
   <element name="supplies" layername="meh_pidor" frame="0" z_index="38" m_a="1.000000" m_b="0.000000" m_c="0.000000" m_d="0.748485" m_tx="-25.484848" m_ty="-102.363640"/>
   <element name="supplies" layername="supp_2" frame="1" z_index="37" m_a="1.000000" m_b="0.000000" m_c="0.000000" m_d="0.748485" m_tx="-10.484848" m_ty="-180.363632"/>
   <element name="supplies" layername="supp_3" frame="2" z_index="36" m_a="1.000000" m_b="0.000000" m_c="0.000000" m_d="0.748485" m_tx="-43.484848" m_ty="-167.363632"/>
   <element name="supplies" layername="supp_4" frame="3" z_index="35" m_a="1.000000" m_b="0.000000" m_c="0.000000" m_d="0.748485" m_tx="-38.484848" m_ty="-250.363632"/>
  </frame>
  <frame idx="175" w="493" h="631" x="-6.137329" y="-167.313217">
   <element name="door" layername="door" frame="1" z_index="34" m_a="1.057224" m_b="0.011505" m_c="-0.010327" m_d="0.948969" m_tx="-222.605713" m_ty="-354.004333"/>
   <element name="base" layername="base" frame="1" z_index="39" m_a="1.097627" m_b="0.000000" m_c="0.000000" m_d="0.949025" m_tx="-224.589188" m_ty="-349.356140"/>
   <element name="shadow" layername="shadow" frame="0" z_index="40" m_a="0.999909" m_b="0.013525" m_c="-0.013525" m_d="0.999909" m_tx="-200.000000" m_ty="-370.000000"/>
   <element name="supplies" layername="meh_pidor" frame="0" z_index="38" m_a="1.000000" m_b="0.000000" m_c="0.000000" m_d="0.872727" m_tx="-26.242424" m_ty="-112.333336"/>
   <element name="supplies" layername="supp_2" frame="1" z_index="37" m_a="1.000000" m_b="0.000000" m_c="0.000000" m_d="0.872727" m_tx="-11.000000" m_ty="-191.060608"/>
   <element name="supplies" layername="supp_3" frame="2" z_index="36" m_a="1.000000" m_b="0.000000" m_c="0.000000" m_d="0.872727" m_tx="-44.000000" m_ty="-178.060608"/>
   <element name="supplies" layername="supp_4" frame="3" z_index="35" m_a="1.000000" m_b="0.000000" m_c="0.000000" m_d="0.872727" m_tx="-38.757576" m_ty="-264.454559"/>
  </frame>
  <frame idx="200" w="450" h="662" x="-2.723373" y="-176.430099">
   <element name="door" layername="door" frame="1" z_index="34" m_a="0.945619" m_b="0.000000" m_c="0.000000" m_d="1.053590" m_tx="-194.674026" m_ty="-388.233765"/>
   <element name="base" layername="base" frame="1" z_index="39" m_a="0.945619" m_b="0.000000" m_c="0.000000" m_d="1.053590" m_tx="-193.515594" m_ty="-387.836365"/>
   <element name="shadow" layername="shadow" frame="0" z_index="40" m_a="0.999909" m_b="0.013525" m_c="-0.013525" m_d="0.999909" m_tx="-200.000000" m_ty="-370.000000"/>
   <element name="supplies" layername="meh_pidor" frame="0" z_index="38" m_a="1.000000" m_b="0.000000" m_c="0.000000" m_d="1.100000" m_tx="-27.000000" m_ty="-129.000000"/>
   <element name="supplies" layername="supp_2" frame="1" z_index="37" m_a="1.000000" m_b="0.000000" m_c="0.000000" m_d="1.100000" m_tx="-11.000000" m_ty="-210.000000"/>
   <element name="supplies" layername="supp_3" frame="2" z_index="36" m_a="1.000000" m_b="0.000000" m_c="0.000000" m_d="1.100000" m_tx="-44.000000" m_ty="-197.000000"/>
   <element name="supplies" layername="supp_4" frame="3" z_index="35" m_a="1.000000" m_b="0.000000" m_c="0.000000" m_d="1.100000" m_tx="-38.000000" m_ty="-294.000000"/>
  </frame>
  <frame idx="225" w="454" h="648" x="0.790176" y="-172.667282">
   <element name="door" layername="door" frame="1" z_index="34" m_a="1.011230" m_b="0.000000" m_c="0.000000" m_d="1.034767" m_tx="-197.501358" m_ty="-380.708099"/>
   <element name="base" layername="base" frame="1" z_index="39" m_a="0.964719" m_b="0.000000" m_c="0.000000" m_d="1.034766" m_tx="-197.217957" m_ty="-380.602905"/>
   <element name="shadow" layername="shadow" frame="0" z_index="40" m_a="0.999909" m_b="0.013525" m_c="-0.013525" m_d="0.999909" m_tx="-200.000000" m_ty="-370.000000"/>
   <element name="supplies" layername="meh_pidor" frame="0" z_index="38" m_a="1.000000" m_b="0.000000" m_c="0.000000" m_d="1.062121" m_tx="-26.242424" m_ty="-125.969696"/>
   <element name="supplies" layername="supp_2" frame="1" z_index="37" m_a="1.000000" m_b="0.000000" m_c="0.000000" m_d="1.062121" m_tx="-10.242424" m_ty="-206.969696"/>
   <element name="supplies" layername="supp_3" frame="2" z_index="36" m_a="1.000000" m_b="0.000000" m_c="0.000000" m_d="1.062121" m_tx="-43.242424" m_ty="-193.969696"/>
   <element name="supplies" layername="supp_4" frame="3" z_index="35" m_a="1.000000" m_b="0.000000" m_c="0.000000" m_d="1.062121" m_tx="-37.242424" m_ty="-290.969696"/>
  </frame>
  <frame idx="250" w="450" h="640" x="-2.723373" y="-169.778671">
   <element name="door" layername="door" frame="2" z_index="34" m_a="0.929881" m_b="0.000000" m_c="0.000000" m_d="1.020266" m_tx="-199.892593" m_ty="-374.930878"/>
   <element name="base" layername="base" frame="1" z_index="39" m_a="0.979434" m_b="0.000000" m_c="0.000000" m_d="1.020266" m_tx="-199.867813" m_ty="-374.930878"/>
   <element name="shadow" layername="shadow" frame="0" z_index="40" m_a="0.999909" m_b="0.013525" m_c="-0.013525" m_d="0.999909" m_tx="-200.000000" m_ty="-370.000000"/>
   <element name="supplies" layername="meh_pidor" frame="0" z_index="38" m_a="1.000000" m_b="0.000000" m_c="0.000000" m_d="1.035455" m_tx="-25.515152" m_ty="-123.545456"/>
   <element name="supplies" layername="supp_2" frame="1" z_index="37" m_a="1.000000" m_b="0.000000" m_c="0.000000" m_d="1.035455" m_tx="-9.515152" m_ty="-204.545456"/>
   <element name="supplies" layername="supp_3" frame="2" z_index="36" m_a="1.000000" m_b="0.000000" m_c="0.000000" m_d="1.035455" m_tx="-42.515152" m_ty="-191.545456"/>
   <element name="supplies" layername="supp_4" frame="3" z_index="35" m_a="1.000000" m_b="0.000000" m_c="0.000000" m_d="1.035455" m_tx="-36.515152" m_ty="-288.545441"/>
  </frame>
  <frame idx="275" w="450" h="633" x="-2.723373" y="-167.775925">
   <element name="door" layername="door" frame="2" z_index="34" m_a="0.989986" m_b="0.000000" m_c="0.000000" m_d="1.009869" m_tx="-201.598328" m_ty="-370.925385"/>
   <element name="base" layername="base" frame="1" z_index="39" m_a="0.989986" m_b="0.000000" m_c="0.000000" m_d="1.009869" m_tx="-201.598328" m_ty="-370.925385"/>
   <element name="shadow" layername="shadow" frame="0" z_index="40" m_a="0.999909" m_b="0.013525" m_c="-0.013525" m_d="0.999909" m_tx="-200.000000" m_ty="-370.000000"/>
   <element name="supplies" layername="meh_pidor" frame="0" z_index="38" m_a="1.000000" m_b="0.000000" m_c="0.000000" m_d="1.017576" m_tx="-25.000000" m_ty="-121.757576"/>
   <element name="supplies" layername="supp_2" frame="1" z_index="37" m_a="1.000000" m_b="0.000000" m_c="0.000000" m_d="1.017576" m_tx="-9.000000" m_ty="-202.757568"/>
   <element name="supplies" layername="supp_3" frame="2" z_index="36" m_a="1.000000" m_b="0.000000" m_c="0.000000" m_d="1.017576" m_tx="-42.000000" m_ty="-189.757568"/>
   <element name="supplies" layername="supp_4" frame="3" z_index="35" m_a="1.000000" m_b="0.000000" m_c="0.000000" m_d="1.017576" m_tx="-36.000000" m_ty="-286.757568"/>
  </frame>
  <frame idx="300" w="450" h="631" x="-2.723373" y="-167.313217">
   <element name="door" layername="door" frame="2" z_index="34" m_a="0.996934" m_b="0.000000" m_c="0.000000" m_d="1.003020" m_tx="-202.633286" m_ty="-368.595001"/>
   <element name="base" layername="base" frame="1" z_index="39" m_a="0.996934" m_b="0.000000" m_c="0.000000" m_d="1.003020" m_tx="-202.633301" m_ty="-368.595001"/>
   <element name="shadow" layername="shadow" frame="0" z_index="40" m_a="0.999909" m_b="0.013525" m_c="-0.013525" m_d="0.999909" m_tx="-200.000000" m_ty="-370.000000"/>
   <element name="supplies" layername="meh_pidor" frame="0" z_index="38" m_a="1.000000" m_b="0.000000" m_c="0.000000" m_d="1.010000" m_tx="-25.000000" m_ty="-121.000000"/>
   <element name="supplies" layername="supp_2" frame="1" z_index="37" m_a="1.000000" m_b="0.000000" m_c="0.000000" m_d="1.010000" m_tx="-9.000000" m_ty="-202.000000"/>
   <element name="supplies" layername="supp_3" frame="2" z_index="36" m_a="1.000000" m_b="0.000000" m_c="0.000000" m_d="1.010000" m_tx="-42.000000" m_ty="-189.000000"/>
   <element name="supplies" layername="supp_4" frame="3" z_index="35" m_a="1.000000" m_b="0.000000" m_c="0.000000" m_d="1.010000" m_tx="-36.000000" m_ty="-286.000000"/>
  </frame>
  <frame idx="325" w="450" h="631" x="-2.723373" y="-167.313217">
   <element name="door" layername="door" frame="2" z_index="34" m_a="0.999188" m_b="0.000000" m_c="0.000000" m_d="1.000799" m_tx="-202.869507" m_ty="-367.607452"/>
   <element name="base" layername="base" frame="1" z_index="39" m_a="0.999188" m_b="0.000000" m_c="0.000000" m_d="1.000799" m_tx="-202.869507" m_ty="-367.607452"/>
   <element name="shadow" layername="shadow" frame="0" z_index="40" m_a="0.999909" m_b="0.013525" m_c="-0.013525" m_d="0.999909" m_tx="-200.000000" m_ty="-370.000000"/>
   <element name="supplies" layername="meh_pidor" frame="0" z_index="38" m_a="1.000000" m_b="0.000000" m_c="0.000000" m_d="1.002647" m_tx="-25.000000" m_ty="-120.264709"/>
   <element name="supplies" layername="supp_2" frame="1" z_index="37" m_a="1.000000" m_b="0.000000" m_c="0.000000" m_d="1.002647" m_tx="-9.000000" m_ty="-201.264709"/>
   <element name="supplies" layername="supp_3" frame="2" z_index="36" m_a="1.000000" m_b="0.000000" m_c="0.000000" m_d="1.002647" m_tx="-42.000000" m_ty="-188.264709"/>
   <element name="supplies" layername="supp_4" frame="3" z_index="35" m_a="1.000000" m_b="0.000000" m_c="0.000000" m_d="1.002647" m_tx="-36.000000" m_ty="-285.264709"/>
  </frame>
 </anim>
 <anim name="closed" root="deep_freezer" numframes="125" framerate="40">
  <frame idx="0" w="447" h="634" x="-0.232178" y="-170.591766">
   <element name="door" layername="door" frame="2" z_index="34" m_a="0.999909" m_b="-0.013526" m_c="0.013526" m_d="0.999909" m_tx="-202.919083" m_ty="-367.868256"/>
   <element name="base" layername="base" frame="1" z_index="39" m_a="0.999909" m_b="-0.013526" m_c="0.013526" m_d="0.999909" m_tx="-202.919083" m_ty="-367.868256"/>
   <element name="shadow" layername="shadow" frame="0" z_index="40" m_a="1.000000" m_b="0.000000" m_c="0.000000" m_d="1.000000" m_tx="-199.993195" m_ty="-370.006714"/>
   <element name="supplies" layername="meh_pidor" frame="0" z_index="38" m_a="1.000000" m_b="0.000000" m_c="0.000000" m_d="1.000000" m_tx="-25.000000" m_ty="-120.000000"/>
   <element name="supplies" layername="supp_2" frame="1" z_index="37" m_a="1.000000" m_b="0.000000" m_c="0.000000" m_d="1.000000" m_tx="-9.000000" m_ty="-201.000000"/>
   <element name="supplies" layername="supp_3" frame="2" z_index="36" m_a="1.000000" m_b="0.000000" m_c="0.000000" m_d="1.000000" m_tx="-42.000000" m_ty="-188.000000"/>
   <element name="supplies" layername="supp_4" frame="3" z_index="35" m_a="1.000000" m_b="0.000000" m_c="0.000000" m_d="1.000000" m_tx="-36.000000" m_ty="-285.000000"/>
  </frame>
  <frame idx="25" w="447" h="634" x="-0.232178" y="-170.591766">
   <element name="door" layername="door" frame="2" z_index="34" m_a="0.999909" m_b="-0.013526" m_c="0.013526" m_d="0.999909" m_tx="-202.919083" m_ty="-367.868256"/>
   <element name="base" layername="base" frame="1" z_index="39" m_a="0.999909" m_b="-0.013526" m_c="0.013526" m_d="0.999909" m_tx="-202.919083" m_ty="-367.868256"/>
   <element name="shadow" layername="shadow" frame="0" z_index="40" m_a="1.000000" m_b="0.000000" m_c="0.000000" m_d="1.000000" m_tx="-199.993195" m_ty="-370.006714"/>
   <element name="supplies" layername="meh_pidor" frame="0" z_index="38" m_a="1.000000" m_b="0.000000" m_c="0.000000" m_d="1.000000" m_tx="-25.000000" m_ty="-120.000000"/>
   <element name="supplies" layername="supp_2" frame="1" z_index="37" m_a="1.000000" m_b="0.000000" m_c="0.000000" m_d="1.000000" m_tx="-9.000000" m_ty="-201.000000"/>
   <element name="supplies" layername="supp_3" frame="2" z_index="36" m_a="1.000000" m_b="0.000000" m_c="0.000000" m_d="1.000000" m_tx="-42.000000" m_ty="-188.000000"/>
   <element name="supplies" layername="supp_4" frame="3" z_index="35" m_a="1.000000" m_b="0.000000" m_c="0.000000" m_d="1.000000" m_tx="-36.000000" m_ty="-285.000000"/>
  </frame>
  <frame idx="50" w="447" h="634" x="-0.232178" y="-170.591766">
   <element name="door" layername="door" frame="2" z_index="34" m_a="0.999909" m_b="-0.013526" m_c="0.013526" m_d="0.999909" m_tx="-202.919083" m_ty="-367.868256"/>
   <element name="base" layername="base" frame="1" z_index="39" m_a="0.999909" m_b="-0.013526" m_c="0.013526" m_d="0.999909" m_tx="-202.919083" m_ty="-367.868256"/>
   <element name="shadow" layername="shadow" frame="0" z_index="40" m_a="1.000000" m_b="0.000000" m_c="0.000000" m_d="1.000000" m_tx="-199.993195" m_ty="-370.006714"/>
   <element name="supplies" layername="meh_pidor" frame="0" z_index="38" m_a="1.000000" m_b="0.000000" m_c="0.000000" m_d="1.000000" m_tx="-25.000000" m_ty="-120.000000"/>
   <element name="supplies" layername="supp_2" frame="1" z_index="37" m_a="1.000000" m_b="0.000000" m_c="0.000000" m_d="1.000000" m_tx="-9.000000" m_ty="-201.000000"/>
   <element name="supplies" layername="supp_3" frame="2" z_index="36" m_a="1.000000" m_b="0.000000" m_c="0.000000" m_d="1.000000" m_tx="-42.000000" m_ty="-188.000000"/>
   <element name="supplies" layername="supp_4" frame="3" z_index="35" m_a="1.000000" m_b="0.000000" m_c="0.000000" m_d="1.000000" m_tx="-36.000000" m_ty="-285.000000"/>
  </frame>
  <frame idx="75" w="447" h="634" x="-0.232178" y="-170.591766">
   <element name="door" layername="door" frame="2" z_index="34" m_a="0.999909" m_b="-0.013526" m_c="0.013526" m_d="0.999909" m_tx="-202.919083" m_ty="-367.868256"/>
   <element name="base" layername="base" frame="1" z_index="39" m_a="0.999909" m_b="-0.013526" m_c="0.013526" m_d="0.999909" m_tx="-202.919083" m_ty="-367.868256"/>
   <element name="shadow" layername="shadow" frame="0" z_index="40" m_a="1.000000" m_b="0.000000" m_c="0.000000" m_d="1.000000" m_tx="-199.993195" m_ty="-370.006714"/>
   <element name="supplies" layername="meh_pidor" frame="0" z_index="38" m_a="1.000000" m_b="0.000000" m_c="0.000000" m_d="1.000000" m_tx="-25.000000" m_ty="-120.000000"/>
   <element name="supplies" layername="supp_2" frame="1" z_index="37" m_a="1.000000" m_b="0.000000" m_c="0.000000" m_d="1.000000" m_tx="-9.000000" m_ty="-201.000000"/>
   <element name="supplies" layername="supp_3" frame="2" z_index="36" m_a="1.000000" m_b="0.000000" m_c="0.000000" m_d="1.000000" m_tx="-42.000000" m_ty="-188.000000"/>
   <element name="supplies" layername="supp_4" frame="3" z_index="35" m_a="1.000000" m_b="0.000000" m_c="0.000000" m_d="1.000000" m_tx="-36.000000" m_ty="-285.000000"/>
  </frame>
  <frame idx="100" w="447" h="634" x="-0.232178" y="-170.591766">
   <element name="door" layername="door" frame="2" z_index="34" m_a="0.999909" m_b="-0.013526" m_c="0.013526" m_d="0.999909" m_tx="-202.919083" m_ty="-367.868256"/>
   <element name="base" layername="base" frame="1" z_index="39" m_a="0.999909" m_b="-0.013526" m_c="0.013526" m_d="0.999909" m_tx="-202.919083" m_ty="-367.868256"/>
   <element name="shadow" layername="shadow" frame="0" z_index="40" m_a="1.000000" m_b="0.000000" m_c="0.000000" m_d="1.000000" m_tx="-199.993195" m_ty="-370.006714"/>
   <element name="supplies" layername="meh_pidor" frame="0" z_index="38" m_a="1.000000" m_b="0.000000" m_c="0.000000" m_d="1.000000" m_tx="-25.000000" m_ty="-120.000000"/>
   <element name="supplies" layername="supp_2" frame="1" z_index="37" m_a="1.000000" m_b="0.000000" m_c="0.000000" m_d="1.000000" m_tx="-9.000000" m_ty="-201.000000"/>
   <element name="supplies" layername="supp_3" frame="2" z_index="36" m_a="1.000000" m_b="0.000000" m_c="0.000000" m_d="1.000000" m_tx="-42.000000" m_ty="-188.000000"/>
   <element name="supplies" layername="supp_4" frame="3" z_index="35" m_a="1.000000" m_b="0.000000" m_c="0.000000" m_d="1.000000" m_tx="-36.000000" m_ty="-285.000000"/>
  </frame>
 </anim>
 <anim name="hit" root="deep_freezer" numframes="200" framerate="40">
  <frame idx="0" w="460" h="642" x="-5.937820" y="-170.582825">
   <element name="door" layername="door" frame="2" z_index="34" m_a="0.999778" m_b="-0.021065" m_c="0.021084" m_d="1.000668" m_tx="-211.839035" m_ty="-368.113037"/>
   <element name="base" layername="base" frame="1" z_index="39" m_a="0.999778" m_b="-0.021065" m_c="0.021084" m_d="1.000668" m_tx="-211.839035" m_ty="-368.113037"/>
   <element name="shadow" layername="shadow" frame="0" z_index="40" m_a="0.999909" m_b="0.013525" m_c="-0.013525" m_d="0.999909" m_tx="-200.000000" m_ty="-370.000000"/>
   <element name="supplies" layername="meh_pidor" frame="0" z_index="38" m_a="0.999778" m_b="-0.021065" m_c="0.020011" m_d="0.949789" m_tx="-26.843201" m_ty="-119.307121"/>
   <element name="supplies" layername="supp_2" frame="1" z_index="37" m_a="0.999778" m_b="-0.021065" m_c="0.020011" m_d="0.949789" m_tx="-13.510629" m_ty="-198.605560"/>
   <element name="supplies" layername="supp_3" frame="2" z_index="36" m_a="0.999778" m_b="-0.021065" m_c="0.020011" m_d="0.949789" m_tx="-46.250530" m_ty="-185.913086"/>
   <element name="supplies" layername="supp_4" frame="3" z_index="35" m_a="0.999778" m_b="-0.021065" m_c="0.020011" m_d="0.949789" m_tx="-43.000000" m_ty="-269.000000"/>
  </frame>
  <frame idx="25" w="453" h="637" x="-3.581009" y="-169.111206">
   <element name="door" layername="door" frame="2" z_index="34" m_a="0.999976" m_b="-0.006982" m_c="0.006988" m_d="1.000755" m_tx="-207.125412" m_ty="-370.803040"/>
   <element name="base" layername="base" frame="1" z_index="39" m_a="0.999976" m_b="-0.006982" m_c="0.006988" m_d="1.000755" m_tx="-207.125412" m_ty="-370.803040"/>
   <element name="shadow" layername="shadow" frame="0" z_index="40" m_a="0.999909" m_b="0.013525" m_c="-0.013525" m_d="0.999909" m_tx="-200.000000" m_ty="-370.000000"/>
   <element name="supplies" layername="meh_pidor" frame="0" z_index="38" m_a="0.999976" m_b="-0.006988" m_c="0.006639" m_d="0.949977" m_tx="-26.011469" m_ty="-119.835152"/>
   <element name="supplies" layername="supp_2" frame="1" z_index="37" m_a="0.999976" m_b="-0.006988" m_c="0.006639" m_d="0.949977" m_tx="-11.564387" m_ty="-198.935211"/>
   <element name="supplies" layername="supp_3" frame="2" z_index="36" m_a="0.999976" m_b="-0.006988" m_c="0.006639" m_d="0.949977" m_tx="-44.478554" m_ty="-186.705338"/>
   <element name="supplies" layername="supp_4" frame="3" z_index="35" m_a="0.999976" m_b="-0.006988" m_c="0.006639" m_d="0.949977" m_tx="-40.058823" m_ty="-269.735291"/>
  </frame>
  <frame idx="50" w="460" h="662" x="9.822403" y="-169.952423">
   <element name="door" layername="door" frame="2" z_index="34" m_a="0.997931" m_b="0.064288" m_c="-0.064331" m_d="0.998597" m_tx="-177.397446" m_ty="-385.347168"/>
   <element name="base" layername="base" frame="1" z_index="39" m_a="0.997931" m_b="0.064288" m_c="-0.064331" m_d="0.998597" m_tx="-177.397446" m_ty="-385.347168"/>
   <element name="shadow" layername="shadow" frame="0" z_index="40" m_a="0.997517" m_b="0.070425" m_c="-0.070425" m_d="0.997517" m_tx="-175.596069" m_ty="-381.734375"/>
   <element name="supplies" layername="meh_pidor" frame="0" z_index="38" m_a="0.997932" m_b="0.064284" m_c="-0.061070" m_d="0.948035" m_tx="-15.029103" m_ty="-122.942337"/>
   <element name="supplies" layername="supp_2" frame="1" z_index="37" m_a="0.997932" m_b="0.064284" m_c="-0.061070" m_d="0.948035" m_tx="4.971350" m_ty="-200.633240"/>
   <element name="supplies" layername="supp_3" frame="2" z_index="36" m_a="0.997932" m_b="0.064284" m_c="-0.061070" m_d="0.948035" m_tx="-28.653221" m_ty="-190.802292"/>
   <element name="supplies" layername="supp_4" frame="3" z_index="35" m_a="0.997932" m_b="0.064284" m_c="-0.061070" m_d="0.948035" m_tx="-18.352304" m_ty="-273.116943"/>
  </frame>
  <frame idx="75" w="466" h="677" x="16.619781" y="-171.241028">
   <element name="door" layername="door" frame="2" z_index="34" m_a="0.994960" m_b="0.100268" m_c="-0.100343" m_d="0.995704" m_tx="-161.939102" m_ty="-392.983551"/>
   <element name="base" layername="base" frame="1" z_index="39" m_a="0.994960" m_b="0.100268" m_c="-0.100343" m_d="0.995704" m_tx="-161.939102" m_ty="-392.983551"/>
   <element name="shadow" layername="shadow" frame="0" z_index="40" m_a="0.994749" m_b="0.102342" m_c="-0.102342" m_d="0.994749" m_tx="-161.868851" m_ty="-388.334991"/>
   <element name="supplies" layername="meh_pidor" frame="0" z_index="38" m_a="0.994960" m_b="0.100270" m_c="-0.095256" m_d="0.945212" m_tx="-9.232394" m_ty="-124.770569"/>
   <element name="supplies" layername="supp_2" frame="1" z_index="37" m_a="0.994960" m_b="0.100270" m_c="-0.095256" m_d="0.945212" m_tx="13.574815" m_ty="-201.725922"/>
   <element name="supplies" layername="supp_3" frame="2" z_index="36" m_a="0.994960" m_b="0.100270" m_c="-0.095256" m_d="0.945212" m_tx="-20.400047" m_ty="-193.112640"/>
   <element name="supplies" layername="supp_4" frame="3" z_index="35" m_a="0.994960" m_b="0.100270" m_c="-0.095256" m_d="0.945212" m_tx="-7.123622" m_ty="-275.041809"/>
  </frame>
  <frame idx="100" w="453" h="638" x="-3.370132" y="-169.537064">
   <element name="door" layername="door" frame="2" z_index="34" m_a="0.999978" m_b="-0.006691" m_c="0.006699" m_d="1.001218" m_tx="-206.703674" m_ty="-371.771423"/>
   <element name="base" layername="base" frame="1" z_index="39" m_a="0.999978" m_b="-0.006691" m_c="0.006699" m_d="1.001218" m_tx="-206.703674" m_ty="-371.771423"/>
   <element name="shadow" layername="shadow" frame="0" z_index="40" m_a="0.999909" m_b="0.013525" m_c="-0.013525" m_d="0.999909" m_tx="-200.000000" m_ty="-370.000000"/>
   <element name="supplies" layername="meh_pidor" frame="0" z_index="38" m_a="0.999978" m_b="-0.006685" m_c="0.006350" m_d="0.949979" m_tx="-26.588383" m_ty="-120.798141"/>
   <element name="supplies" layername="supp_2" frame="1" z_index="37" m_a="0.999978" m_b="-0.006685" m_c="0.006350" m_d="0.949979" m_tx="-12.116798" m_ty="-199.896652"/>
   <element name="supplies" layername="supp_3" frame="2" z_index="36" m_a="0.999978" m_b="-0.006685" m_c="0.006350" m_d="0.949979" m_tx="-45.035847" m_ty="-187.676331"/>
   <element name="supplies" layername="supp_4" frame="3" z_index="35" m_a="0.999978" m_b="-0.006685" m_c="0.006350" m_d="0.949979" m_tx="-40.590775" m_ty="-270.707886"/>
  </frame>
  <frame idx="125" w="502" h="673" x="-21.782211" y="-176.038361">
   <element name="door" layername="door" frame="2" z_index="34" m_a="0.996052" m_b="-0.088771" m_c="0.088922" m_d="0.997756" m_tx="-238.777130" m_ty="-357.835449"/>
   <element name="base" layername="base" frame="1" z_index="39" m_a="0.996052" m_b="-0.088771" m_c="0.088922" m_d="0.997756" m_tx="-238.777130" m_ty="-357.835449"/>
   <element name="shadow" layername="shadow" frame="0" z_index="40" m_a="0.998696" m_b="-0.051050" m_c="0.051050" m_d="0.998696" m_tx="-225.957306" m_ty="-360.722565"/>
   <element name="supplies" layername="meh_pidor" frame="0" z_index="38" m_a="0.996052" m_b="-0.088774" m_c="0.084335" m_d="0.946249" m_tx="-39.803997" m_ty="-123.659554"/>
   <element name="supplies" layername="supp_2" frame="1" z_index="37" m_a="0.996052" m_b="-0.088774" m_c="0.084335" m_d="0.946249" m_tx="-31.887712" m_ty="-203.582138"/>
   <element name="supplies" layername="supp_3" frame="2" z_index="36" m_a="0.996052" m_b="-0.088774" m_c="0.084335" m_d="0.946249" m_tx="-63.653149" m_ty="-188.717377"/>
   <element name="supplies" layername="supp_4" frame="3" z_index="35" m_a="0.996052" m_b="-0.088774" m_c="0.084335" m_d="0.946249" m_tx="-66.040001" m_ty="-271.732452"/>
  </frame>
  <frame idx="150" w="491" h="664" x="-18.074036" y="-174.957077">
   <element name="door" layername="door" frame="2" z_index="34" m_a="0.997495" m_b="-0.070734" m_c="0.070845" m_d="0.999061" m_tx="-231.742035" m_ty="-360.622528"/>
   <element name="base" layername="base" frame="1" z_index="39" m_a="0.997495" m_b="-0.070734" m_c="0.070845" m_d="0.999061" m_tx="-231.742035" m_ty="-360.622528"/>
   <element name="shadow" layername="shadow" frame="0" z_index="40" m_a="0.999497" m_b="-0.031727" m_c="0.031727" m_d="0.999497" m_tx="-218.185852" m_ty="-363.500183"/>
   <element name="supplies" layername="meh_pidor" frame="0" z_index="38" m_a="0.997495" m_b="-0.070736" m_c="0.067199" m_d="0.947620" m_tx="-37.493824" m_ty="-123.042290"/>
   <element name="supplies" layername="supp_2" frame="1" z_index="37" m_a="0.997495" m_b="-0.070736" m_c="0.067199" m_d="0.947620" m_tx="-28.130936" m_ty="-202.808975"/>
   <element name="supplies" layername="supp_3" frame="2" z_index="36" m_a="0.997495" m_b="-0.070736" m_c="0.067199" m_d="0.947620" m_tx="-60.160690" m_ty="-188.522003"/>
   <element name="supplies" layername="supp_4" frame="3" z_index="35" m_a="0.997495" m_b="-0.070736" m_c="0.067199" m_d="0.947620" m_tx="-61.043312" m_ty="-271.567322"/>
  </frame>
  <frame idx="175" w="459" h="642" x="-5.631943" y="-170.562180">
   <element name="door" layername="door" frame="2" z_index="34" m_a="0.999833" m_b="-0.018266" m_c="0.018287" m_d="1.000957" m_tx="-211.227310" m_ty="-369.191345"/>
   <element name="base" layername="base" frame="1" z_index="39" m_a="0.999833" m_b="-0.018266" m_c="0.018287" m_d="1.000957" m_tx="-211.227310" m_ty="-369.191345"/>
   <element name="shadow" layername="shadow" frame="0" z_index="40" m_a="0.999909" m_b="0.013525" m_c="-0.013525" m_d="0.999909" m_tx="-200.000000" m_ty="-370.000000"/>
   <element name="supplies" layername="meh_pidor" frame="0" z_index="38" m_a="0.999833" m_b="-0.018265" m_c="0.017352" m_d="0.949841" m_tx="-29.777628" m_ty="-121.263275"/>
   <element name="supplies" layername="supp_2" frame="1" z_index="37" m_a="0.999833" m_b="-0.018265" m_c="0.017352" m_d="0.949841" m_tx="-16.223152" m_ty="-200.523651"/>
   <element name="supplies" layername="supp_3" frame="2" z_index="36" m_a="0.999833" m_b="-0.018265" m_c="0.017352" m_d="0.949841" m_tx="-48.998287" m_ty="-187.922974"/>
   <element name="supplies" layername="supp_4" frame="3" z_index="35" m_a="0.999833" m_b="-0.018265" m_c="0.017352" m_d="0.949841" m_tx="-45.515152" m_ty="-271.000000"/>
  </frame>
 </anim>
 <anim name="idle" root="deep_freezer" numframes="100" framerate="40">
  <frame idx="0" w="447" h="634" x="-0.232178" y="-170.591766">
   <element name="door" layername="door" frame="2" z_index="34" m_a="0.999909" m_b="-0.013526" m_c="0.013526" m_d="0.999909" m_tx="-202.919083" m_ty="-367.868256"/>
   <element name="base" layername="base" frame="1" z_index="39" m_a="0.999909" m_b="-0.013526" m_c="0.013526" m_d="0.999909" m_tx="-202.919083" m_ty="-367.868256"/>
   <element name="shadow" layername="shadow" frame="0" z_index="40" m_a="1.000000" m_b="0.000000" m_c="0.000000" m_d="1.000000" m_tx="-199.993195" m_ty="-370.006714"/>
   <element name="supplies" layername="meh_pidor" frame="0" z_index="38" m_a="1.000000" m_b="0.000000" m_c="0.000000" m_d="1.000000" m_tx="-25.000000" m_ty="-120.000000"/>
   <element name="supplies" layername="supp_2" frame="1" z_index="37" m_a="1.000000" m_b="0.000000" m_c="0.000000" m_d="1.000000" m_tx="-9.000000" m_ty="-201.000000"/>
   <element name="supplies" layername="supp_3" frame="2" z_index="36" m_a="1.000000" m_b="0.000000" m_c="0.000000" m_d="1.000000" m_tx="-42.000000" m_ty="-188.000000"/>
   <element name="supplies" layername="supp_4" frame="3" z_index="35" m_a="1.000000" m_b="0.000000" m_c="0.000000" m_d="1.000000" m_tx="-36.000000" m_ty="-285.000000"/>
  </frame>
  <frame idx="25" w="447" h="634" x="-0.232178" y="-170.591766">
   <element name="door" layername="door" frame="2" z_index="34" m_a="0.999909" m_b="-0.013526" m_c="0.013526" m_d="0.999909" m_tx="-202.919083" m_ty="-367.868256"/>
   <element name="base" layername="base" frame="1" z_index="39" m_a="0.999909" m_b="-0.013526" m_c="0.013526" m_d="0.999909" m_tx="-202.919083" m_ty="-367.868256"/>
   <element name="shadow" layername="shadow" frame="0" z_index="40" m_a="1.000000" m_b="0.000000" m_c="0.000000" m_d="1.000000" m_tx="-199.993195" m_ty="-370.006714"/>
   <element name="supplies" layername="meh_pidor" frame="0" z_index="38" m_a="1.000000" m_b="0.000000" m_c="0.000000" m_d="1.000000" m_tx="-25.000000" m_ty="-120.000000"/>
   <element name="supplies" layername="supp_2" frame="1" z_index="37" m_a="1.000000" m_b="0.000000" m_c="0.000000" m_d="1.000000" m_tx="-9.000000" m_ty="-201.000000"/>
   <element name="supplies" layername="supp_3" frame="2" z_index="36" m_a="1.000000" m_b="0.000000" m_c="0.000000" m_d="1.000000" m_tx="-42.000000" m_ty="-188.000000"/>
   <element name="supplies" layername="supp_4" frame="3" z_index="35" m_a="1.000000" m_b="0.000000" m_c="0.000000" m_d="1.000000" m_tx="-36.000000" m_ty="-285.000000"/>
  </frame>
  <frame idx="50" w="447" h="634" x="-0.232178" y="-170.591766">
   <element name="door" layername="door" frame="2" z_index="34" m_a="0.999909" m_b="-0.013526" m_c="0.013526" m_d="0.999909" m_tx="-202.919083" m_ty="-367.868256"/>
   <element name="base" layername="base" frame="1" z_index="39" m_a="0.999909" m_b="-0.013526" m_c="0.013526" m_d="0.999909" m_tx="-202.919083" m_ty="-367.868256"/>
   <element name="shadow" layername="shadow" frame="0" z_index="40" m_a="1.000000" m_b="0.000000" m_c="0.000000" m_d="1.000000" m_tx="-199.993195" m_ty="-370.006714"/>
   <element name="supplies" layername="meh_pidor" frame="0" z_index="38" m_a="1.000000" m_b="0.000000" m_c="0.000000" m_d="1.000000" m_tx="-25.000000" m_ty="-120.000000"/>
   <element name="supplies" layername="supp_2" frame="1" z_index="37" m_a="1.000000" m_b="0.000000" m_c="0.000000" m_d="1.000000" m_tx="-9.000000" m_ty="-201.000000"/>
   <element name="supplies" layername="supp_3" frame="2" z_index="36" m_a="1.000000" m_b="0.000000" m_c="0.000000" m_d="1.000000" m_tx="-42.000000" m_ty="-188.000000"/>
   <element name="supplies" layername="supp_4" frame="3" z_index="35" m_a="1.000000" m_b="0.000000" m_c="0.000000" m_d="1.000000" m_tx="-36.000000" m_ty="-285.000000"/>
  </frame>
  <frame idx="75" w="447" h="634" x="-0.232178" y="-170.591766">
   <element name="door" layername="door" frame="2" z_index="34" m_a="0.999909" m_b="-0.013526" m_c="0.013526" m_d="0.999909" m_tx="-202.919083" m_ty="-367.868256"/>
   <element name="base" layername="base" frame="1" z_index="39" m_a="0.999909" m_b="-0.013526" m_c="0.013526" m_d="0.999909" m_tx="-202.919083" m_ty="-367.868256"/>
   <element name="shadow" layername="shadow" frame="0" z_index="40" m_a="1.000000" m_b="0.000000" m_c="0.000000" m_d="1.000000" m_tx="-199.993195" m_ty="-370.006714"/>
   <element name="supplies" layername="meh_pidor" frame="0" z_index="38" m_a="1.000000" m_b="0.000000" m_c="0.000000" m_d="1.000000" m_tx="-25.000000" m_ty="-120.000000"/>
   <element name="supplies" layername="supp_2" frame="1" z_index="37" m_a="1.000000" m_b="0.000000" m_c="0.000000" m_d="1.000000" m_tx="-9.000000" m_ty="-201.000000"/>
   <element name="supplies" layername="supp_3" frame="2" z_index="36" m_a="1.000000" m_b="0.000000" m_c="0.000000" m_d="1.000000" m_tx="-42.000000" m_ty="-188.000000"/>
   <element name="supplies" layername="supp_4" frame="3" z_index="35" m_a="1.000000" m_b="0.000000" m_c="0.000000" m_d="1.000000" m_tx="-36.000000" m_ty="-285.000000"/>
  </frame>
 </anim>
 <anim name="open" root="deep_freezer" numframes="350" framerate="40">
  <frame idx="0" w="450" h="631" x="-2.723373" y="-167.313217">
   <element name="door" layername="door" frame="2" z_index="34" m_a="1.000000" m_b="0.000000" m_c="0.000000" m_d="1.000000" m_tx="-202.954544" m_ty="-367.901306"/>
   <element name="base" layername="base" frame="1" z_index="39" m_a="1.000000" m_b="0.000000" m_c="0.000000" m_d="1.000000" m_tx="-202.954544" m_ty="-367.901306"/>
   <element name="shadow" layername="shadow" frame="0" z_index="40" m_a="0.999909" m_b="0.013525" m_c="-0.013525" m_d="0.999909" m_tx="-200.000000" m_ty="-370.000000"/>
   <element name="supplies" layername="meh_pidor" frame="0" z_index="38" m_a="1.000000" m_b="0.000000" m_c="0.000000" m_d="1.000000" m_tx="-25.000000" m_ty="-120.000000"/>
   <element name="supplies" layername="supp_2" frame="1" z_index="37" m_a="1.000000" m_b="0.000000" m_c="0.000000" m_d="1.000000" m_tx="-9.000000" m_ty="-201.000000"/>
   <element name="supplies" layername="supp_3" frame="2" z_index="36" m_a="1.000000" m_b="0.000000" m_c="0.000000" m_d="1.000000" m_tx="-42.000000" m_ty="-188.000000"/>
   <element name="supplies" layername="supp_4" frame="3" z_index="35" m_a="1.000000" m_b="0.000000" m_c="0.000000" m_d="1.000000" m_tx="-40.000000" m_ty="-270.000000"/>
  </frame>
  <frame idx="25" w="450" h="631" x="-2.723373" y="-167.313217">
   <element name="door" layername="door" frame="2" z_index="34" m_a="1.000000" m_b="0.000000" m_c="0.000000" m_d="1.000000" m_tx="-202.954544" m_ty="-367.423828"/>
   <element name="base" layername="base" frame="1" z_index="39" m_a="1.000000" m_b="0.000000" m_c="0.000000" m_d="1.000000" m_tx="-202.954544" m_ty="-367.423828"/>
   <element name="shadow" layername="shadow" frame="0" z_index="40" m_a="0.999909" m_b="0.013525" m_c="-0.013525" m_d="0.999909" m_tx="-200.000000" m_ty="-370.000000"/>
   <element name="supplies" layername="meh_pidor" frame="0" z_index="38" m_a="1.000000" m_b="0.000000" m_c="0.000000" m_d="1.000000" m_tx="-25.000000" m_ty="-120.000000"/>
   <element name="supplies" layername="supp_2" frame="1" z_index="37" m_a="1.000000" m_b="0.000000" m_c="0.000000" m_d="1.000000" m_tx="-9.000000" m_ty="-201.000000"/>
   <element name="supplies" layername="supp_3" frame="2" z_index="36" m_a="1.000000" m_b="0.000000" m_c="0.000000" m_d="1.000000" m_tx="-42.000000" m_ty="-188.000000"/>
   <element name="supplies" layername="supp_4" frame="3" z_index="35" m_a="1.000000" m_b="0.000000" m_c="0.000000" m_d="1.000000" m_tx="-40.000000" m_ty="-269.264709"/>
  </frame>
  <frame idx="50" w="450" h="631" x="-2.723373" y="-167.313217">
   <element name="door" layername="door" frame="2" z_index="34" m_a="0.998513" m_b="0.000000" m_c="0.000000" m_d="1.001464" m_tx="-202.798782" m_ty="-367.903137"/>
   <element name="base" layername="base" frame="1" z_index="39" m_a="0.998513" m_b="0.000000" m_c="0.000000" m_d="1.001464" m_tx="-202.798782" m_ty="-367.903137"/>
   <element name="shadow" layername="shadow" frame="0" z_index="40" m_a="0.999909" m_b="0.013525" m_c="-0.013525" m_d="0.999909" m_tx="-200.000000" m_ty="-370.000000"/>
   <element name="supplies" layername="meh_pidor" frame="0" z_index="38" m_a="1.000000" m_b="0.000000" m_c="0.000000" m_d="1.004848" m_tx="-25.000000" m_ty="-120.484848"/>
   <element name="supplies" layername="supp_2" frame="1" z_index="37" m_a="1.000000" m_b="0.000000" m_c="0.000000" m_d="1.004848" m_tx="-9.000000" m_ty="-201.484848"/>
   <element name="supplies" layername="supp_3" frame="2" z_index="36" m_a="1.000000" m_b="0.000000" m_c="0.000000" m_d="1.004848" m_tx="-42.000000" m_ty="-188.484848"/>
   <element name="supplies" layername="supp_4" frame="3" z_index="35" m_a="1.000000" m_b="0.000000" m_c="0.000000" m_d="1.004848" m_tx="-40.000000" m_ty="-269.484863"/>
  </frame>
  <frame idx="75" w="450" h="631" x="-2.723373" y="-167.313217">
   <element name="door" layername="door" frame="2" z_index="34" m_a="0.994711" m_b="0.000000" m_c="0.000000" m_d="1.005212" m_tx="-202.302094" m_ty="-369.340729"/>
   <element name="base" layername="base" frame="1" z_index="39" m_a="0.994711" m_b="0.000000" m_c="0.000000" m_d="1.005212" m_tx="-202.302109" m_ty="-369.340729"/>
   <element name="shadow" layername="shadow" frame="0" z_index="40" m_a="0.999909" m_b="0.013525" m_c="-0.013525" m_d="0.999909" m_tx="-200.000000" m_ty="-370.000000"/>
   <element name="supplies" layername="meh_pidor" frame="0" z_index="38" m_a="1.000000" m_b="0.000000" m_c="0.000000" m_d="1.012424" m_tx="-25.000000" m_ty="-121.242424"/>
   <element name="supplies" layername="supp_2" frame="1" z_index="37" m_a="1.000000" m_b="0.000000" m_c="0.000000" m_d="1.012424" m_tx="-9.000000" m_ty="-202.242432"/>
   <element name="supplies" layername="supp_3" frame="2" z_index="36" m_a="1.000000" m_b="0.000000" m_c="0.000000" m_d="1.012424" m_tx="-42.000000" m_ty="-189.242432"/>
   <element name="supplies" layername="supp_4" frame="3" z_index="35" m_a="1.000000" m_b="0.000000" m_c="0.000000" m_d="1.012424" m_tx="-40.000000" m_ty="-270.484863"/>
  </frame>
  <frame idx="100" w="450" h="634" x="-2.723373" y="-168.148788">
   <element name="door" layername="door" frame="2" z_index="34" m_a="0.987763" m_b="0.000000" m_c="0.000000" m_d="1.012060" m_tx="-201.267136" m_ty="-371.671112"/>
   <element name="base" layername="base" frame="1" z_index="39" m_a="0.987763" m_b="0.000000" m_c="0.000000" m_d="1.012060" m_tx="-201.267136" m_ty="-371.671112"/>
   <element name="shadow" layername="shadow" frame="0" z_index="40" m_a="0.999909" m_b="0.013525" m_c="-0.013525" m_d="0.999909" m_tx="-200.000000" m_ty="-370.000000"/>
   <element name="supplies" layername="meh_pidor" frame="0" z_index="38" m_a="1.000000" m_b="0.000000" m_c="0.000000" m_d="1.020000" m_tx="-25.000000" m_ty="-122.000000"/>
   <element name="supplies" layername="supp_2" frame="1" z_index="37" m_a="1.000000" m_b="0.000000" m_c="0.000000" m_d="1.020000" m_tx="-9.000000" m_ty="-203.000000"/>
   <element name="supplies" layername="supp_3" frame="2" z_index="36" m_a="1.000000" m_b="0.000000" m_c="0.000000" m_d="1.020000" m_tx="-42.000000" m_ty="-190.000000"/>
   <element name="supplies" layername="supp_4" frame="3" z_index="35" m_a="1.000000" m_b="0.000000" m_c="0.000000" m_d="1.020000" m_tx="-40.000000" m_ty="-272.000000"/>
  </frame>
  <frame idx="125" w="450" h="642" x="-2.723373" y="-170.475143">
   <element name="door" layername="door" frame="2" z_index="34" m_a="0.975875" m_b="0.000000" m_c="0.000000" m_d="1.023773" m_tx="-199.269836" m_ty="-376.323883"/>
   <element name="base" layername="base" frame="1" z_index="39" m_a="0.975875" m_b="0.000000" m_c="0.000000" m_d="1.023773" m_tx="-199.269836" m_ty="-376.323883"/>
   <element name="shadow" layername="shadow" frame="0" z_index="40" m_a="0.999909" m_b="0.013525" m_c="-0.013525" m_d="0.999909" m_tx="-200.000000" m_ty="-370.000000"/>
   <element name="supplies" layername="meh_pidor" frame="0" z_index="38" m_a="1.000000" m_b="0.000000" m_c="0.000000" m_d="1.042059" m_tx="-25.735294" m_ty="-124.205879"/>
   <element name="supplies" layername="supp_2" frame="1" z_index="37" m_a="1.000000" m_b="0.000000" m_c="0.000000" m_d="1.042059" m_tx="-9.735294" m_ty="-205.205887"/>
   <element name="supplies" layername="supp_3" frame="2" z_index="36" m_a="1.000000" m_b="0.000000" m_c="0.000000" m_d="1.042059" m_tx="-42.735294" m_ty="-192.205887"/>
   <element name="supplies" layername="supp_4" frame="3" z_index="35" m_a="1.000000" m_b="0.000000" m_c="0.000000" m_d="1.042059" m_tx="-40.000000" m_ty="-276.411774"/>
  </frame>
  <frame idx="150" w="450" h="653" x="-2.723373" y="-173.793839">
   <element name="door" layername="door" frame="2" z_index="34" m_a="0.896352" m_b="0.000000" m_c="0.000000" m_d="1.040402" m_tx="-196.702484" m_ty="-382.961243"/>
   <element name="base" layername="base" frame="1" z_index="39" m_a="0.959001" m_b="0.000000" m_c="0.000000" m_d="1.040402" m_tx="-196.109497" m_ty="-382.768555"/>
   <element name="shadow" layername="shadow" frame="0" z_index="40" m_a="0.999909" m_b="0.013525" m_c="-0.013525" m_d="0.999909" m_tx="-200.000000" m_ty="-370.000000"/>
   <element name="supplies" layername="meh_pidor" frame="0" z_index="38" m_a="1.000000" m_b="0.000000" m_c="0.000000" m_d="1.075000" m_tx="-26.500000" m_ty="-127.000000"/>
   <element name="supplies" layername="supp_2" frame="1" z_index="37" m_a="1.000000" m_b="0.000000" m_c="0.000000" m_d="1.075000" m_tx="-10.500000" m_ty="-208.000000"/>
   <element name="supplies" layername="supp_3" frame="2" z_index="36" m_a="1.000000" m_b="0.000000" m_c="0.000000" m_d="1.075000" m_tx="-43.500000" m_ty="-195.000000"/>
   <element name="supplies" layername="supp_4" frame="3" z_index="35" m_a="1.000000" m_b="0.000000" m_c="0.000000" m_d="1.075000" m_tx="-40.500000" m_ty="-283.000000"/>
  </frame>
  <frame idx="175" w="450" h="643" x="-2.723373" y="-170.953415">
   <element name="door" layername="door" frame="1" z_index="34" m_a="0.981347" m_b="0.003417" m_c="-0.003552" m_d="1.020123" m_tx="-203.612167" m_ty="-377.280365"/>
   <element name="base" layername="base" frame="1" z_index="39" m_a="0.994262" m_b="0.000000" m_c="0.000000" m_d="1.020129" m_tx="-203.459152" m_ty="-375.522705"/>
   <element name="shadow" layername="shadow" frame="0" z_index="40" m_a="0.999909" m_b="0.013525" m_c="-0.013525" m_d="0.999909" m_tx="-200.000000" m_ty="-370.000000"/>
   <element name="supplies" layername="meh_pidor" frame="0" z_index="38" m_a="1.000000" m_b="0.000000" m_c="0.000000" m_d="1.027273" m_tx="-26.757576" m_ty="-123.666664"/>
   <element name="supplies" layername="supp_2" frame="1" z_index="37" m_a="1.000000" m_b="0.000000" m_c="0.000000" m_d="1.027273" m_tx="-11.000000" m_ty="-203.939392"/>
   <element name="supplies" layername="supp_3" frame="2" z_index="36" m_a="1.000000" m_b="0.000000" m_c="0.000000" m_d="1.027273" m_tx="-44.000000" m_ty="-190.939392"/>
   <element name="supplies" layername="supp_4" frame="3" z_index="35" m_a="1.000000" m_b="0.000000" m_c="0.000000" m_d="1.027273" m_tx="-40.242424" m_ty="-278.090912"/>
  </frame>
  <frame idx="200" w="515" h="631" x="-6.414444" y="-167.313217">
   <element name="door" layername="door" frame="1" z_index="34" m_a="1.092907" m_b="0.015700" m_c="-0.013151" m_d="0.915470" m_tx="-231.543854" m_ty="-343.050934"/>
   <element name="base" layername="base" frame="1" z_index="39" m_a="1.146270" m_b="0.000000" m_c="0.000000" m_d="0.915564" m_tx="-234.532745" m_ty="-337.042480"/>
   <element name="shadow" layername="shadow" frame="0" z_index="40" m_a="0.999909" m_b="0.013525" m_c="-0.013525" m_d="0.999909" m_tx="-200.000000" m_ty="-370.000000"/>
   <element name="supplies" layername="meh_pidor" frame="0" z_index="38" m_a="1.000000" m_b="0.000000" m_c="0.000000" m_d="0.800000" m_tx="-26.000000" m_ty="-107.000000"/>
   <element name="supplies" layername="supp_2" frame="1" z_index="37" m_a="1.000000" m_b="0.000000" m_c="0.000000" m_d="0.800000" m_tx="-11.000000" m_ty="-185.000000"/>
   <element name="supplies" layername="supp_3" frame="2" z_index="36" m_a="1.000000" m_b="0.000000" m_c="0.000000" m_d="0.800000" m_tx="-44.000000" m_ty="-172.000000"/>
   <element name="supplies" layername="supp_4" frame="3" z_index="35" m_a="1.000000" m_b="0.000000" m_c="0.000000" m_d="0.800000" m_tx="-41.000000" m_ty="-244.000000"/>
  </frame>
  <frame idx="225" w="545" h="631" x="-10.161057" y="-167.313217">
   <element name="door" layername="door" frame="1" z_index="34" m_a="1.125271" m_b="0.019721" m_c="-0.015511" m_d="0.885067" m_tx="-246.107239" m_ty="-329.452057"/>
   <element name="base" layername="base" frame="1" z_index="39" m_a="1.190406" m_b="0.000000" m_c="0.000000" m_d="0.885203" m_tx="-244.172943" m_ty="-326.047089"/>
   <element name="shadow" layername="shadow" frame="0" z_index="40" m_a="0.999909" m_b="0.013525" m_c="-0.013525" m_d="0.999909" m_tx="-200.000000" m_ty="-370.000000"/>
   <element name="supplies" layername="meh_pidor" frame="0" z_index="38" m_a="1.000000" m_b="0.000000" m_c="0.000000" m_d="0.724242" m_tx="-25.242424" m_ty="-100.181816"/>
   <element name="supplies" layername="supp_2" frame="1" z_index="37" m_a="1.000000" m_b="0.000000" m_c="0.000000" m_d="0.724242" m_tx="-10.242424" m_ty="-178.181824"/>
   <element name="supplies" layername="supp_3" frame="2" z_index="36" m_a="1.000000" m_b="0.000000" m_c="0.000000" m_d="0.724242" m_tx="-43.242424" m_ty="-165.181824"/>
   <element name="supplies" layername="supp_4" frame="3" z_index="35" m_a="1.000000" m_b="0.000000" m_c="0.000000" m_d="0.724242" m_tx="-38.727272" m_ty="-231.121216"/>
  </frame>
  <frame idx="250" w="531" h="633" x="-11.971191" y="-165.685059">
   <element name="door" layername="door" frame="1" z_index="34" m_a="1.018167" m_b="0.028957" m_c="-0.025946" m_d="0.912305" m_tx="-236.478638" m_ty="-337.874786"/>
   <element name="base" layername="base" frame="1" z_index="39" m_a="1.143905" m_b="0.000000" m_c="0.000000" m_d="0.912674" m_tx="-234.647400" m_ty="-336.170471"/>
   <element name="shadow" layername="shadow" frame="0" z_index="40" m_a="0.999909" m_b="0.013525" m_c="-0.013525" m_d="0.999909" m_tx="-200.000000" m_ty="-370.000000"/>
   <element name="supplies" layername="meh_pidor" frame="0" z_index="38" m_a="1.000000" m_b="0.000000" m_c="0.000000" m_d="0.750000" m_tx="-25.500000" m_ty="-102.500000"/>
   <element name="supplies" layername="supp_2" frame="1" z_index="37" m_a="1.000000" m_b="0.000000" m_c="0.000000" m_d="0.750000" m_tx="-10.500000" m_ty="-180.500000"/>
   <element name="supplies" layername="supp_3" frame="2" z_index="36" m_a="1.000000" m_b="0.000000" m_c="0.000000" m_d="0.750000" m_tx="-43.500000" m_ty="-167.500000"/>
   <element name="supplies" layername="supp_4" frame="3" z_index="35" m_a="1.000000" m_b="0.000000" m_c="0.000000" m_d="0.750000" m_tx="-38.500000" m_ty="-241.000000"/>
  </frame>
  <frame idx="275" w="500" h="634" x="-11.209213" y="-164.176270">
   <element name="door" layername="door" frame="1" z_index="34" m_a="0.863435" m_b="0.028941" m_c="-0.032136" m_d="0.958736" m_tx="-219.705856" m_ty="-353.423553"/>
   <element name="base" layername="base" frame="1" z_index="39" m_a="1.076994" m_b="0.000000" m_c="0.000000" m_d="0.953645" m_tx="-220.655731" m_ty="-351.165649"/>
   <element name="shadow" layername="shadow" frame="0" z_index="40" m_a="0.999909" m_b="0.013525" m_c="-0.013525" m_d="0.999909" m_tx="-200.000000" m_ty="-370.000000"/>
   <element name="supplies" layername="meh_pidor" frame="0" z_index="38" m_a="1.000000" m_b="0.000000" m_c="0.000000" m_d="0.825000" m_tx="-26.000000" m_ty="-109.000000"/>
   <element name="supplies" layername="supp_2" frame="1" z_index="37" m_a="1.000000" m_b="0.000000" m_c="0.000000" m_d="0.825000" m_tx="-11.000000" m_ty="-187.000000"/>
   <element name="supplies" layername="supp_3" frame="2" z_index="36" m_a="1.000000" m_b="0.000000" m_c="0.000000" m_d="0.825000" m_tx="-44.000000" m_ty="-174.000000"/>
   <element name="supplies" layername="supp_4" frame="3" z_index="35" m_a="1.000000" m_b="0.000000" m_c="0.000000" m_d="0.825000" m_tx="-39.000000" m_ty="-257.000000"/>
  </frame>
  <frame idx="300" w="471" h="636" x="-4.869476" y="-168.883377">
   <element name="door" layername="door" frame="0" z_index="34" m_a="0.870145" m_b="-0.032463" m_c="0.036860" m_d="0.988009" m_tx="-189.100571" m_ty="-360.155304"/>
   <element name="base" layername="base" frame="1" z_index="39" m_a="1.057349" m_b="0.000000" m_c="0.000000" m_d="0.965473" m_tx="-216.339203" m_ty="-355.394775"/>
   <element name="shadow" layername="shadow" frame="0" z_index="40" m_a="0.999909" m_b="0.013525" m_c="-0.013525" m_d="0.999909" m_tx="-200.000000" m_ty="-370.000000"/>
   <element name="supplies" layername="meh_pidor" frame="0" z_index="38" m_a="1.000000" m_b="0.000000" m_c="0.000000" m_d="0.900000" m_tx="-26.000000" m_ty="-115.000000"/>
   <element name="supplies" layername="supp_2" frame="1" z_index="37" m_a="1.000000" m_b="0.000000" m_c="0.000000" m_d="0.900000" m_tx="-11.000000" m_ty="-193.000000"/>
   <element name="supplies" layername="supp_3" frame="2" z_index="36" m_a="1.000000" m_b="0.000000" m_c="0.000000" m_d="0.900000" m_tx="-44.000000" m_ty="-180.000000"/>
   <element name="supplies" layername="supp_4" frame="3" z_index="35" m_a="1.000000" m_b="0.000000" m_c="0.000000" m_d="0.900000" m_tx="-39.000000" m_ty="-263.000000"/>
  </frame>
  <frame idx="325" w="476" h="634" x="-8.589127" y="-164.121521">
   <element name="door" layername="door" frame="0" z_index="34" m_a="0.794043" m_b="0.025172" m_c="-0.031337" m_d="0.988545" m_tx="-207.702057" m_ty="-363.729706"/>
   <element name="base" layername="base" frame="1" z_index="39" m_a="1.037704" m_b="0.000000" m_c="0.000000" m_d="0.977302" m_tx="-212.022675" m_ty="-359.623871"/>
   <element name="shadow" layername="shadow" frame="0" z_index="40" m_a="0.999909" m_b="0.013525" m_c="-0.013525" m_d="0.999909" m_tx="-200.000000" m_ty="-370.000000"/>
   <element name="supplies" layername="meh_pidor" frame="0" z_index="38" m_a="1.000000" m_b="0.000000" m_c="0.000000" m_d="0.934722" m_tx="-26.000000" m_ty="-117.777779"/>
   <element name="supplies" layername="supp_2" frame="1" z_index="37" m_a="1.000000" m_b="0.000000" m_c="0.000000" m_d="0.934722" m_tx="-11.000000" m_ty="-196.472229"/>
   <element name="supplies" layername="supp_3" frame="2" z_index="36" m_a="1.000000" m_b="0.000000" m_c="0.000000" m_d="0.934722" m_tx="-44.000000" m_ty="-184.166672"/>
   <element name="supplies" layername="supp_4" frame="3" z_index="35" m_a="1.000000" m_b="0.000000" m_c="0.000000" m_d="0.934722" m_tx="-39.000000" m_ty="-267.166656"/>
  </frame>
 </anim>
 <anim name="place" root="deep_freezer" numframes="450" framerate="40">
  <frame idx="0" w="450" h="631" x="-2.723373" y="-167.313217">
   <element name="shadow" layername="shadow" frame="0" z_index="40" m_a="0.999909" m_b="0.013525" m_c="-0.013525" m_d="0.999909" m_tx="-200.000000" m_ty="-370.000000"/>
  </frame>
  <frame idx="25" w="450" h="631" x="-2.723373" y="-167.313217">
   <element name="shadow" layername="shadow" frame="0" z_index="40" m_a="0.999909" m_b="0.013525" m_c="-0.013525" m_d="0.999909" m_tx="-200.000000" m_ty="-370.000000"/>
  </frame>
  <frame idx="50" w="450" h="800" x="-2.723373" y="-218.660751">
   <element name="shadow" layername="shadow" frame="0" z_index="40" m_a="0.999909" m_b="0.013525" m_c="-0.013525" m_d="0.999909" m_tx="-200.000000" m_ty="-370.000000"/>
   <element name="base" layername="base" frame="1" z_index="39" m_a="0.388675" m_b="0.000000" m_c="0.000000" m_d="1.123575" m_tx="-78.835342" m_ty="-472.695068"/>
  </frame>
  <frame idx="75" w="450" h="747" x="-2.723373" y="-202.478928">
   <element name="shadow" layername="shadow" frame="0" z_index="40" m_a="0.999909" m_b="0.013525" m_c="-0.013525" m_d="0.999909" m_tx="-200.000000" m_ty="-370.000000"/>
   <element name="base" layername="base" frame="1" z_index="39" m_a="0.453653" m_b="0.000000" m_c="0.000000" m_d="1.136954" m_tx="-91.917854" m_ty="-440.331390"/>
  </frame>
  <frame idx="100" w="609" h="729" x="-20.616058" y="-196.636978">
   <element name="shadow" layername="shadow" frame="0" z_index="40" m_a="0.999909" m_b="0.013525" m_c="-0.013525" m_d="0.999909" m_tx="-200.000000" m_ty="-370.000000"/>
   <element name="base" layername="base" frame="1" z_index="39" m_a="0.579231" m_b="0.000000" m_c="0.000000" m_d="1.162810" m_tx="-118.095665" m_ty="-429.199005"/>
   <element name="door" layername="door" frame="2" z_index="38" m_a="1.329230" m_b="0.000000" m_c="0.000000" m_d="0.463807" m_tx="-286.462036" m_ty="-153.614243"/>
  </frame>
  <frame idx="125" w="612" h="631" x="-20.735992" y="-167.313217">
   <element name="shadow" layername="shadow" frame="0" z_index="40" m_a="0.999909" m_b="0.013525" m_c="-0.013525" m_d="0.999909" m_tx="-200.000000" m_ty="-370.000000"/>
   <element name="base" layername="base" frame="1" z_index="39" m_a="1.007907" m_b="0.000000" m_c="0.000000" m_d="0.912331" m_tx="-206.279800" m_ty="-336.784363"/>
   <element name="door" layername="door" frame="2" z_index="38" m_a="1.337740" m_b="0.000000" m_c="0.000000" m_d="0.523663" m_tx="-288.284058" m_ty="-175.106918"/>
  </frame>
  <frame idx="150" w="638" h="634" x="-20.973511" y="-164.503387">
   <element name="shadow" layername="shadow" frame="0" z_index="40" m_a="0.999909" m_b="0.013525" m_c="-0.013525" m_d="0.999909" m_tx="-200.000000" m_ty="-370.000000"/>
   <element name="base" layername="base" frame="1" z_index="39" m_a="1.182094" m_b="0.000000" m_c="0.000000" m_d="0.808585" m_tx="-242.276932" m_ty="-298.405273"/>
   <element name="door" layername="door" frame="2" z_index="38" m_a="1.395299" m_b="0.000000" m_c="0.000000" m_d="0.657053" m_tx="-300.033295" m_ty="-221.828110"/>
  </frame>
  <frame idx="175" w="636" h="634" x="-17.608063" y="-164.164246">
   <element name="shadow" layername="shadow" frame="0" z_index="40" m_a="0.999909" m_b="0.013525" m_c="-0.013525" m_d="0.999909" m_tx="-200.000000" m_ty="-370.000000"/>
   <element name="base" layername="base" frame="1" z_index="39" m_a="1.209382" m_b="0.000000" m_c="0.000000" m_d="0.789939" m_tx="-248.100677" m_ty="-291.286652"/>
   <element name="door" layername="door" frame="2" z_index="38" m_a="1.398776" m_b="0.000000" m_c="0.000000" m_d="0.776093" m_tx="-297.363190" m_ty="-268.765686"/>
  </frame>
  <frame idx="200" w="548" h="631" x="-6.445770" y="-167.313217">
   <element name="shadow" layername="shadow" frame="0" z_index="40" m_a="0.999909" m_b="0.013525" m_c="-0.013525" m_d="0.999909" m_tx="-200.000000" m_ty="-370.000000"/>
   <element name="base" layername="base" frame="1" z_index="39" m_a="1.228700" m_b="0.000000" m_c="0.000000" m_d="0.776738" m_tx="-252.185760" m_ty="-286.007172"/>
   <element name="door" layername="door" frame="2" z_index="38" m_a="1.228700" m_b="0.000000" m_c="0.000000" m_d="0.776740" m_tx="-252.185776" m_ty="-286.007172"/>
  </frame>
  <frame idx="225" w="553" h="631" x="-6.254593" y="-167.313217">
   <element name="shadow" layername="shadow" frame="0" z_index="40" m_a="0.999909" m_b="0.013525" m_c="-0.013525" m_d="0.999909" m_tx="-200.000000" m_ty="-370.000000"/>
   <element name="base" layername="base" frame="1" z_index="39" m_a="1.239340" m_b="0.000000" m_c="0.000000" m_d="0.769470" m_tx="-254.122528" m_ty="-283.446716"/>
   <element name="door" layername="door" frame="2" z_index="38" m_a="1.239340" m_b="0.000000" m_c="0.000000" m_d="0.769468" m_tx="-254.122528" m_ty="-283.446716"/>
  </frame>
  <frame idx="250" w="556" h="631" x="-5.885941" y="-167.313217">
   <element name="shadow" layername="shadow" frame="0" z_index="40" m_a="0.999909" m_b="0.013525" m_c="-0.013525" m_d="0.999909" m_tx="-200.000000" m_ty="-370.000000"/>
   <element name="base" layername="base" frame="1" z_index="39" m_a="1.245512" m_b="0.000000" m_c="0.000000" m_d="0.765254" m_tx="-254.988312" m_ty="-281.961853"/>
   <element name="door" layername="door" frame="2" z_index="38" m_a="1.245512" m_b="0.000000" m_c="0.000000" m_d="0.765250" m_tx="-254.988312" m_ty="-281.961853"/>
  </frame>
  <frame idx="275" w="531" h="631" x="-5.380005" y="-167.313217">
   <element name="shadow" layername="shadow" frame="0" z_index="40" m_a="0.999909" m_b="0.013525" m_c="-0.013525" m_d="0.999909" m_tx="-200.000000" m_ty="-370.000000"/>
   <element name="base" layername="base" frame="1" z_index="39" m_a="1.191438" m_b="0.000000" m_c="0.000000" m_d="0.847168" m_tx="-243.667526" m_ty="-312.320496"/>
   <element name="door" layername="door" frame="2" z_index="38" m_a="1.191438" m_b="0.000000" m_c="0.000000" m_d="0.847165" m_tx="-243.667511" m_ty="-312.320465"/>
  </frame>
  <frame idx="300" w="454" h="696" x="-3.883514" y="-186.843674">
   <element name="shadow" layername="shadow" frame="0" z_index="40" m_a="0.999909" m_b="0.013525" m_c="-0.013525" m_d="0.999909" m_tx="-200.000000" m_ty="-370.000000"/>
   <element name="base" layername="base" frame="1" z_index="39" m_a="1.014680" m_b="0.000000" m_c="0.000000" m_d="1.108460" m_tx="-207.730438" m_ty="-409.060883"/>
   <element name="door" layername="door" frame="2" z_index="38" m_a="1.014680" m_b="0.000000" m_c="0.000000" m_d="1.108460" m_tx="-207.730423" m_ty="-409.060883"/>
  </frame>
  <frame idx="325" w="450" h="731" x="-2.723373" y="-196.836533">
   <element name="shadow" layername="shadow" frame="0" z_index="40" m_a="0.999909" m_b="0.013525" m_c="-0.013525" m_d="0.999909" m_tx="-200.000000" m_ty="-370.000000"/>
   <element name="base" layername="base" frame="1" z_index="39" m_a="0.953600" m_b="0.000000" m_c="0.000000" m_d="1.166085" m_tx="-195.641251" m_ty="-430.053528"/>
   <element name="door" layername="door" frame="2" z_index="38" m_a="0.953599" m_b="0.000000" m_c="0.000000" m_d="1.166085" m_tx="-195.641251" m_ty="-430.053528"/>
  </frame>
  <frame idx="350" w="450" h="724" x="-2.723373" y="-195.080139">
   <element name="shadow" layername="shadow" frame="0" z_index="40" m_a="0.999909" m_b="0.013525" m_c="-0.013525" m_d="0.999909" m_tx="-200.000000" m_ty="-370.000000"/>
   <element name="base" layername="base" frame="1" z_index="39" m_a="0.942664" m_b="0.000000" m_c="0.000000" m_d="1.156634" m_tx="-193.487473" m_ty="-426.406830"/>
   <element name="door" layername="door" frame="2" z_index="38" m_a="0.942665" m_b="0.000000" m_c="0.000000" m_d="1.156634" m_tx="-193.487473" m_ty="-426.406830"/>
  </frame>
  <frame idx="375" w="450" h="696" x="-2.723373" y="-186.869003">
   <element name="shadow" layername="shadow" frame="0" z_index="40" m_a="0.999909" m_b="0.013525" m_c="-0.013525" m_d="0.999909" m_tx="-200.000000" m_ty="-370.000000"/>
   <element name="base" layername="base" frame="1" z_index="39" m_a="0.959933" m_b="0.000000" m_c="0.000000" m_d="1.109454" m_tx="-196.953979" m_ty="-409.111603"/>
   <element name="door" layername="door" frame="2" z_index="38" m_a="0.959935" m_b="0.000000" m_c="0.000000" m_d="1.109454" m_tx="-196.953979" m_ty="-409.111603"/>
  </frame>
  <frame idx="400" w="450" h="668" x="-2.723373" y="-178.445633">
   <element name="shadow" layername="shadow" frame="0" z_index="40" m_a="0.999909" m_b="0.013525" m_c="-0.013525" m_d="0.999909" m_tx="-200.000000" m_ty="-370.000000"/>
   <element name="base" layername="base" frame="1" z_index="39" m_a="0.977203" m_b="0.000000" m_c="0.000000" m_d="1.062280" m_tx="-200.487671" m_ty="-392.264832"/>
   <element name="door" layername="door" frame="2" z_index="38" m_a="0.977200" m_b="0.000000" m_c="0.000000" m_d="1.062280" m_tx="-200.487686" m_ty="-392.264832"/>
  </frame>
  <frame idx="425" w="450" h="640" x="-2.723373" y="-170.077805">
   <element name="shadow" layername="shadow" frame="0" z_index="40" m_a="0.999909" m_b="0.013525" m_c="-0.013525" m_d="0.999909" m_tx="-200.000000" m_ty="-370.000000"/>
   <element name="base" layername="base" frame="1" z_index="39" m_a="0.993966" m_b="0.000000" m_c="0.000000" m_d="1.016486" m_tx="-203.821548" m_ty="-375.529175"/>
   <element name="door" layername="door" frame="2" z_index="38" m_a="0.993965" m_b="0.000000" m_c="0.000000" m_d="1.016486" m_tx="-203.821548" m_ty="-375.529205"/>
  </frame>
 </anim>
</Anims>
